1,173.85,8.0761,12,12,0,2,10,0,1
2,199.26,5.1663e-07,14,12,1,2,11,0,3
3,129.93,7.8441,12,12,0,4,8,0,1
4,104.29,6.7792,14,14,0,4,10,0,2
5,204.38,5.1663e-07,16,14,1,8,7,0,5
6,132.15,5.1663e-07,16,14,1,6,8,1,4
7,209.02,8.0761,12,12,0,2,10,0,1
8,297.52,8.0761,12,12,0,2,10,0,1
9,196.67,8.3222,12,12,0,0,12,0,1
10,251.91,6.6149,14,14,0,6,8,0,3
11,176.54,6.4585,14,14,0,8,6,0,3
12,139.31,5.6015,16,16,0,10,6,0,3
13,200.64,5.8411,16,16,0,6,10,0,3
14,251.62,7.8441,12,12,0,4,8,0,1
15,248.1,6.6149,14,14,0,6,8,0,2
16,236.63,5.6595,16,16,0,8,7,1,3
17,258.23,6.4585,14,14,0,8,6,0,4
18,135.72,5.6595,16,16,0,8,7,1,3
19,178.48,8.0761,12,12,0,2,10,0,1
20,214.33,6.4585,14,14,0,8,6,0,3
21,68.865,5.1663e-07,16,14,1,6,8,1,4
22,325.88,6.6149,14,14,0,6,8,0,1
23,288.05,5.1663e-07,14,12,1,4,9,0,3
24,184.38,6.7792,14,14,0,4,10,0,3
25,421.5,5.1663e-07,16,14,1,6,9,0,4
26,99.511,8.0761,12,12,0,2,10,0,1
27,267.96,6.3092,14,14,0,10,4,0,2
28,134.95,6.7792,14,14,0,4,10,0,2
29,300.25,6.4585,14,14,0,8,6,0,2
30,208.89,8.0761,12,12,0,2,10,0,1
31,196.98,5.1663e-07,16,14,1,6,9,0,4
32,223.12,6.696,14,14,0,4,9,1,2
33,162.03,5.1663e-07,14,12,1,6,7,0,3
34,200.85,6.4585,14,14,0,8,6,0,2
35,174.33,5.1663e-07,14,12,1,2,11,0,2
36,198.48,6.6149,14,14,0,6,8,0,2
37,168.94,5.1663e-07,16,14,1,4,10,1,4
38,196.52,6.4585,14,14,0,8,6,0,3
39,178.38,7.8441,12,12,0,4,8,0,1
40,250.88,6.6149,14,14,0,6,8,0,3
41,122.17,6.3092,14,14,0,10,4,0,3
42,203.23,8.0761,12,12,0,2,10,0,1
43,272.05,6.4585,14,14,0,8,6,0,3
44,223.39,5.1663e-07,14,12,1,2,11,0,2
45,122.62,6.4585,14,14,0,8,6,0,2
46,216.32,6.696,14,14,0,4,9,1,3
47,273.01,8.0761,12,12,0,2,10,0,1
48,130.57,6.4585,14,14,0,8,6,0,3
49,218.14,5.1663e-07,16,14,1,10,5,0,6
50,111.3,7.8441,12,12,0,4,8,0,1
51,210.71,7.8441,12,12,0,4,8,0,0
52,238.98,8.0761,12,12,0,2,10,0,1
53,152.78,5.1663e-07,14,12,1,4,9,0,3
54,295.14,5.1663e-07,16,14,1,6,8,1,3
55,125.99,5.1663e-07,14,12,1,6,7,0,3
56,239.22,5.1663e-07,14,12,1,4,9,0,3
57,121.16,5.1663e-07,16,14,1,5,9,1,4
58,229.76,5.1663e-07,14,12,1,6,7,0,3
59,232.22,8.3222,12,12,0,0,12,0,1
60,201.46,5.1663e-07,14,12,1,4,9,0,2
61,225.45,6.3092,14,14,0,10,4,0,3
62,310.83,5.6015,16,16,0,10,6,0,5
63,160.53,5.1663e-07,16,14,1,6,9,0,4
64,324.4,5.1663e-07,14,12,1,6,7,0,3
65,215.72,5.1663e-07,14,12,1,4,9,0,3
66,237.41,5.1663e-07,16,14,1,7,7,1,2
67,115.53,5.1663e-07,14,12,1,3,9,1,2
68,221.6,6.4585,14,14,0,8,6,0,2
69,315.31,5.1663e-07,16,14,1,5,9,1,4
70,130.39,5.1663e-07,14,12,1,4,9,0,3
71,130.99,5.1663e-07,14,12,1,4,9,0,3
72,100.17,8.3222,12,12,0,0,12,0,1
73,154.76,6.4585,14,14,0,8,6,0,2
74,149.93,5.1663e-07,14,12,1,4,9,0,3
75,141.73,6.6149,14,14,0,6,8,0,2
76,301.87,8.0761,12,12,0,2,10,0,1
77,155.44,5.1663e-07,14,12,1,4,9,0,2
78,220.08,5.7793,16,16,0,6,9,1,4
79,374.23,5.1663e-07,14,12,1,4,9,0,3
80,216.99,6.4585,14,14,0,8,6,0,3
81,106.14,5.6595,16,16,0,8,7,1,5
82,223.41,5.8411,16,16,0,6,10,0,1
83,183.5,5.1663e-07,14,12,1,4,9,0,2
84,138.39,6.4585,14,14,0,8,6,0,2
85,181.92,8.0761,12,12,0,2,10,0,0
86,175.73,6.5358,14,14,0,6,7,1,3
87,142.57,5.1663e-07,14,12,1,6,7,0,3
88,208.18,6.5358,14,14,0,6,7,1,3
89,127.81,6.5358,14,14,0,6,7,1,3
90,250.14,6.6149,14,14,0,6,8,0,3
91,165.14,6.4585,14,14,0,8,6,0,3
92,229.8,5.1663e-07,14,12,1,4,9,0,3
93,244.65,6.7792,14,14,0,4,10,0,2
94,238.47,5.6595,16,16,0,8,7,1,4
95,174.56,5.1663e-07,14,12,1,4,9,0,2
96,116.21,6.4585,14,14,0,8,6,0,2
97,188.46,6.3092,14,14,0,10,4,0,3
98,94.804,5.1663e-07,14,12,1,6,7,0,3
99,314.96,6.6149,14,14,0,6,8,0,3
100,234.03,8.0761,12,12,0,2,10,0,1
101,248.43,5.1663e-07,16,14,1,6,8,1,5
102,178.75,5.1663e-07,16,14,1,8,7,0,5
103,166.81,5.1663e-07,14,12,1,4,9,0,2
104,223.17,5.6015,16,16,0,10,6,0,4
105,103.04,5.1663e-07,14,12,1,4,9,0,2
106,117.01,5.1663e-07,14,12,1,2,11,0,2
107,196.5,5.1663e-07,16,14,1,4,11,0,3
108,151.93,6.6149,14,14,0,6,8,0,3
109,199.09,8.0761,12,12,0,2,10,0,1
110,208.39,5.1663e-07,14,12,1,2,11,0,3
111,132.33,5.1663e-07,14,12,1,6,7,0,3
112,170.26,6.6149,14,14,0,6,8,0,2
113,141.12,5.1663e-07,16,14,1,6,8,1,3
114,154.74,6.4585,14,14,0,8,6,0,2
115,144.22,5.1663e-07,14,12,1,4,9,0,3
116,155.72,6.696,14,14,0,4,9,1,2
117,249.53,6.7792,14,14,0,4,10,0,2
118,171.15,5.1663e-07,18,16,1,6,9,2,6
119,107.12,6.4585,14,14,0,8,6,0,3
120,265.03,8.0761,12,12,0,2,10,0,1
121,180.84,6.4585,14,14,0,8,6,0,2
122,131.97,5.6015,16,16,0,10,6,0,3
123,173.73,5.1663e-07,14,12,1,4,9,0,3
124,243.68,5.1663e-07,14,12,1,4,9,0,3
125,209.4,6.4585,14,14,0,8,6,0,4
126,184.88,6.6149,14,14,0,6,8,0,3
127,311.71,5.1663e-07,14,12,1,3,9,1,2
128,195.17,5.6595,16,16,0,8,7,1,3
129,132.15,6.6149,14,14,0,6,8,0,2
130,116.26,5.1663e-07,16,14,1,4,9,2,3
131,185,8.0761,12,12,0,2,10,0,1
132,189.96,6.4585,14,14,0,8,6,0,3
133,241.42,6.6149,14,14,0,6,8,0,2
134,203.19,5.5446,16,16,0,10,5,1,5
135,302.34,6.6149,14,14,0,6,8,0,3
136,233.66,5.1663e-07,14,12,1,2,11,0,3
137,242.02,6.4585,14,14,0,8,6,0,3
138,160.01,6.4585,14,14,0,8,6,0,3
139,229.7,8.0761,12,12,0,2,10,0,1
140,198.66,8.0761,12,12,0,2,10,0,1
141,215.18,5.6595,16,16,0,8,7,1,4
142,168.11,6.3092,14,14,0,10,4,0,3
143,87.412,6.4585,14,14,0,8,6,0,3
144,257.5,6.6149,14,14,0,6,8,0,3
145,196.87,6.3092,14,14,0,10,4,0,3
146,130.15,8.0761,12,12,0,2,10,0,1
147,195.75,5.1663e-07,14,12,1,4,9,0,3
148,207.25,5.1663e-07,14,12,1,4,9,0,3
149,152.33,6.4585,14,14,0,8,6,0,3
150,241.86,6.4585,14,14,0,8,6,0,3
151,176.32,6.8644,14,14,0,2,11,1,2
152,193.41,6.8644,14,14,0,2,11,1,3
153,100.16,5.1663e-07,14,12,1,4,9,0,2
154,142.63,8.0761,12,12,0,2,10,0,1
155,392.95,5.1663e-07,14,12,1,6,7,0,4
156,221.67,5.1663e-07,14,12,1,4,9,0,2
157,136.19,5.1663e-07,16,14,1,8,7,0,5
158,294.55,7.8441,12,12,0,4,8,0,0
159,194.55,8.0761,12,12,0,2,10,0,1
160,194.98,6.4585,14,14,0,8,6,0,4
161,230.9,5.1663e-07,14,12,1,3,9,1,2
162,227.34,6.4585,14,14,0,8,6,0,3
163,319.31,5.1663e-07,14,12,1,4,9,0,3
164,172.68,6.5358,14,14,0,6,7,1,2
165,341.37,6.6149,14,14,0,6,8,0,2
166,116.07,8.0761,12,12,0,2,10,0,1
167,127.63,6.6149,14,14,0,6,8,0,2
168,257.92,5.5446,16,16,0,10,5,1,3
169,182.32,5.1663e-07,14,12,1,4,9,0,2
170,203.92,5.1663e-07,14,12,1,6,7,0,2
171,192.93,5.1663e-07,14,12,1,2,10,1,3
172,241.83,8.0761,12,12,0,2,10,0,1
173,324.32,5.7793,16,16,0,6,9,1,3
174,275.79,5.1663e-07,14,12,1,4,9,0,2
175,231.86,5.1663e-07,14,12,1,6,7,0,2
176,243.53,6.3092,14,14,0,10,4,0,3
177,292.27,7.8441,12,12,0,4,8,0,0
178,188.54,5.1663e-07,14,12,1,6,7,0,3
179,245.29,6.6149,14,14,0,6,8,0,3
180,214.68,6.3092,14,14,0,10,4,0,3
181,250.27,2.5832e-07,16,12,2,4,10,0,4
182,353.19,5.1663e-07,14,12,1,4,9,0,2
183,227.74,5.7188,16,16,0,6,8,2,4
184,241.9,8.3222,12,12,0,0,12,0,1
185,166.04,6.4585,14,14,0,8,6,0,3
186,188.43,6.4585,14,14,0,8,6,0,4
187,296.09,5.1663e-07,16,14,1,8,7,0,5
188,152.65,6.5358,14,14,0,6,7,1,2
189,186.65,5.1663e-07,14,12,1,4,9,0,1
190,301.2,5.0365,18,18,0,8,8,2,3
191,234.58,6.6149,14,14,0,6,8,0,3
192,195.8,5.1663e-07,14,12,1,4,9,0,3
193,202.43,5.1663e-07,14,12,1,2,11,0,3
194,148.5,8.3222,12,12,0,0,12,0,1
195,97.825,8.0761,12,12,0,2,10,0,0
196,135.62,5.1663e-07,16,14,1,6,8,1,5
197,134.21,6.4585,14,14,0,8,6,0,4
198,133.02,6.6149,14,14,0,6,8,0,3
199,386.93,5.1663e-07,14,12,1,4,9,0,4
200,277.29,5.1663e-07,16,14,1,7,7,1,3
201,180.9,5.7793,16,16,0,6,9,1,3
202,204.82,6.6149,14,14,0,6,8,0,3
203,207.3,6.6149,14,14,0,6,8,0,1
204,291.47,5.1663e-07,16,14,1,6,8,1,4
205,294.49,6.8644,14,14,0,2,11,1,3
206,209.7,5.1663e-07,14,12,1,2,11,0,2
207,236.6,5.9043,16,16,0,4,11,1,3
208,226.77,5.7793,16,16,0,6,9,1,3
209,188.43,6.8644,14,14,0,2,11,1,3
210,318.95,5.1663e-07,14,12,1,4,9,0,3
211,238.41,5.1663e-07,14,12,1,2,11,0,3
212,259.09,6.4585,14,14,0,8,6,0,4
213,206.73,5.1663e-07,14,12,1,4,9,0,2
214,166.96,5.1663e-07,14,12,1,4,9,0,3
215,160.47,6.4585,14,14,0,8,6,0,2
216,292.49,6.696,14,14,0,4,9,1,2
217,242.25,5.1663e-07,14,12,1,2,11,0,2
218,208.24,6.8644,14,14,0,2,11,1,1
219,223.06,5.6015,16,16,0,8,6,2,4
220,154.89,6.9517,14,14,0,2,12,0,2
221,158.1,8.3222,12,12,0,0,12,0,1
222,177.35,5.1663e-07,14,12,1,4,9,0,2
223,232.35,6.4585,14,14,0,8,6,0,4
224,129.59,6.696,14,14,0,4,9,1,2
225,193.57,6.5358,14,14,0,6,7,1,1
226,196.06,5.6595,16,16,0,8,7,1,3
227,283.79,8.0761,12,12,0,2,10,0,1
228,216.59,5.1663e-07,16,14,1,7,7,1,5
229,144.57,5.1663e-07,14,12,1,4,9,0,4
230,143.03,6.7792,14,14,0,4,10,0,2
231,284.64,6.6149,14,14,0,6,8,0,3
232,218.15,5.1663e-07,16,14,1,8,7,0,4
233,251.12,6.7792,14,14,0,4,10,0,2
234,78.922,5.1663e-07,14,12,1,4,9,0,4
235,105.64,5.1663e-07,16,14,1,10,5,0,4
236,217.77,5.1663e-07,14,12,1,4,9,0,1
237,126.92,6.3092,14,14,0,10,4,0,3
238,387.91,8.0761,12,12,0,2,10,0,1
239,95.235,5.1663e-07,14,12,1,0,13,0,2
240,236.58,7.8441,12,12,0,4,8,0,0
241,115.86,6.6149,14,14,0,6,8,0,2
242,276.6,5.5446,16,16,0,10,5,1,5
243,374.97,5.1663e-07,16,14,1,8,7,0,4
244,159.21,5.1663e-07,16,14,1,10,5,0,6
245,168.58,5.1663e-07,14,12,1,4,9,0,3
246,175.93,5.5446,16,16,0,10,5,1,3
247,129.36,6.4585,14,14,0,8,6,0,4
248,224.31,6.4585,14,14,0,8,6,0,3
249,150.86,5.1663e-07,14,12,1,2,11,0,2
250,176.91,6.7792,14,14,0,4,10,0,2
251,189.02,6.3092,14,14,0,10,4,0,3
252,193.11,6.5358,14,14,0,6,7,1,3
253,286.82,6.4585,14,14,0,8,6,0,4
254,233.65,5.1663e-07,14,12,1,2,10,1,3
255,166.77,5.1663e-07,14,12,1,4,9,0,3
256,135.91,7.8441,12,12,0,4,8,0,0
257,265.42,5.1663e-07,14,12,1,4,9,0,2
258,222.69,6.6149,14,14,0,6,8,0,1
259,135.52,6.4585,14,14,0,8,6,0,3
260,251.19,8.0761,12,12,0,2,10,0,1
261,318.25,6.6149,14,14,0,6,8,0,2
262,233.89,5.6595,16,16,0,8,7,1,4
263,98.509,6.7792,14,14,0,4,10,0,1
264,171.13,5.1663e-07,16,14,1,6,8,1,4
265,186.82,6.4585,14,14,0,8,6,0,3
266,265.74,5.1663e-07,14,12,1,6,7,0,3
267,120.2,6.1668,14,14,0,12,2,0,4
268,144.78,6.7792,14,14,0,4,10,0,2
269,282.55,6.6149,14,14,0,6,8,0,3
270,168.16,6.6149,14,14,0,6,8,0,2
271,140.22,6.6149,14,14,0,6,8,0,2
272,288.6,5.1663e-07,16,14,1,8,6,1,4
273,236.39,6.4585,14,14,0,8,6,0,3
274,195.56,5.1663e-07,14,12,1,2,11,0,1
275,133.56,5.1663e-07,14,12,1,4,9,0,3
276,259.12,8.0761,12,12,0,2,10,0,1
277,252.6,8.0761,12,12,0,2,10,0,1
278,160.44,5.1663e-07,14,12,1,4,9,0,3
279,144.19,6.5358,14,14,0,6,7,1,3
280,191.89,8.0761,12,12,0,2,10,0,1
281,169.58,5.1663e-07,14,12,1,4,9,0,1
282,265.37,5.6595,16,16,0,8,7,1,4
283,186.39,6.4585,14,14,0,8,6,0,3
284,233.33,5.6595,16,16,0,8,7,1,4
285,255.58,8.0761,12,12,0,2,10,0,1
286,100.28,6.6149,14,14,0,6,8,0,3
287,118.48,5.6595,16,16,0,8,7,1,5
288,152.54,6.4585,14,14,0,8,6,0,3
289,328.8,5.7188,16,16,0,8,8,0,4
290,209.75,8.0761,12,12,0,2,10,0,1
291,135.57,6.6149,14,14,0,6,8,0,2
292,207.5,5.1663e-07,14,12,1,2,11,0,4
293,117.04,8.0761,12,12,0,2,10,0,1
294,101.14,6.6149,14,14,0,6,8,0,3
295,180.48,6.4585,14,14,0,8,6,0,3
296,205.73,5.1663e-07,14,12,1,2,11,0,2
297,149.27,6.3092,14,14,0,10,4,0,3
298,205.65,6.4585,14,14,0,8,6,0,2
299,186.19,5.1663e-07,14,12,1,4,9,0,3
300,361.33,6.4585,14,14,0,8,6,0,4
301,298.13,8.0761,12,12,0,2,10,0,1
302,112.11,8.0761,12,12,0,2,10,0,1
303,294.38,5.1663e-07,14,12,1,4,9,0,3
304,299.3,5.1663e-07,16,14,1,6,9,0,5
305,175.94,5.1663e-07,14,12,1,6,7,0,2
306,217.2,6.8644,14,14,0,2,11,1,3
307,235.86,5.1663e-07,14,12,1,2,11,0,2
308,179.3,6.4585,14,14,0,8,6,0,4
309,337.3,5.1663e-07,14,12,1,4,9,0,3
310,155.91,6.6149,14,14,0,6,8,0,2
311,148.56,5.1663e-07,14,12,1,6,7,0,3
312,206.6,6.3092,14,14,0,10,4,0,3
313,201.66,5.1663e-07,14,12,1,6,7,0,2
314,115.42,5.1663e-07,14,12,1,4,9,0,3
315,317.87,5.1663e-07,14,12,1,4,9,0,3
316,364.3,6.8644,14,14,0,2,11,1,2
317,177.42,2.5832e-07,16,12,2,8,6,0,5
318,122.33,5.1663e-07,14,12,1,2,10,1,3
319,362.3,6.4585,14,14,0,8,6,0,2
320,171.44,6.7792,14,14,0,4,10,0,3
321,183.97,5.6015,16,16,0,10,6,0,3
322,193.34,8.0761,12,12,0,2,10,0,1
323,202.74,8.0761,12,12,0,2,10,0,1
324,177.34,5.1663e-07,14,12,1,4,9,0,3
325,317.56,5.1663e-07,16,14,1,8,6,1,5
326,207.32,5.1663e-07,14,12,1,4,9,0,3
327,188.25,6.3092,14,14,0,10,4,0,3
328,268.68,8.0761,12,12,0,2,10,0,1
329,310.8,5.6015,16,16,0,10,6,0,4
330,142.75,5.1663e-07,14,12,1,4,9,0,3
331,266.8,5.1663e-07,14,12,1,6,7,0,3
332,274.17,5.1663e-07,14,12,1,4,9,0,3
333,270.69,8.0761,12,12,0,2,10,0,1
334,203.34,6.6149,14,14,0,6,8,0,2
335,185.26,6.7792,14,14,0,4,10,0,0
336,102.29,6.696,14,14,0,4,9,1,2
337,205.95,6.696,14,14,0,4,9,1,3
338,183.21,6.7792,14,14,0,4,10,0,2
339,157.16,6.9517,14,14,0,2,12,0,2
340,211.7,6.3092,14,14,0,10,4,0,3
341,231.59,6.4585,14,14,0,8,6,0,3
342,264.73,5.1663e-07,16,14,1,4,10,1,4
343,166.58,6.8644,14,14,0,2,11,1,1
344,223.09,6.4585,14,14,0,8,6,0,4
345,267.68,6.4585,14,14,0,8,6,0,3
346,194.26,6.7792,14,14,0,4,10,0,1
347,146.63,8.0761,12,12,0,2,10,0,1
348,152.52,6.7792,14,14,0,4,10,0,2
349,206.57,5.1663e-07,14,12,1,4,9,0,2
350,130.85,6.6149,14,14,0,6,8,0,2
351,188.8,6.5358,14,14,0,6,7,1,2
352,126.49,6.7792,14,14,0,4,10,0,2
353,188.91,5.1663e-07,14,12,1,4,9,0,2
354,191.46,6.696,14,14,0,4,9,1,3
355,215.2,2.5832e-07,16,12,2,4,10,0,4
356,163.77,6.696,14,14,0,4,9,1,3
357,130.6,5.1663e-07,14,12,1,6,7,0,3
358,179.01,6.4585,14,14,0,8,6,0,4
359,124.57,6.4585,14,14,0,8,6,0,3
360,129.89,6.6149,14,14,0,6,8,0,3
361,267.59,5.1663e-07,18,16,1,4,12,1,4
362,154.32,6.7792,14,14,0,4,10,0,3
363,212.5,6.3092,14,14,0,10,4,0,2
364,210.92,5.1663e-07,14,12,1,4,9,0,3
365,132.64,5.1663e-07,16,14,1,6,8,1,4
366,234.49,5.1663e-07,16,14,1,6,9,0,3
367,243.59,8.0761,12,12,0,2,10,0,1
368,348.58,5.1663e-07,14,12,1,2,11,0,1
369,114.49,5.7793,16,16,0,6,9,1,4
370,217.52,5.1663e-07,16,14,1,8,7,0,4
371,218.46,5.5446,16,16,0,10,5,1,4
372,240.31,6.4585,14,14,0,8,6,0,3
373,184.41,5.5446,16,16,0,10,5,1,5
374,175.43,5.1663e-07,14,12,1,4,9,0,4
375,298.96,5.6015,16,16,0,10,6,0,3
376,170.42,8.0761,12,12,0,2,10,0,1
377,123.81,5.1663e-07,14,12,1,2,11,0,4
378,169.94,5.1663e-07,14,12,1,4,9,0,2
379,126.58,6.3092,14,14,0,10,4,0,3
380,288.63,5.1663e-07,16,14,1,4,11,0,4
381,180.76,5.1663e-07,14,12,1,2,11,0,2
382,248.09,5.6595,16,16,0,8,7,1,5
383,189.67,6.3092,14,14,0,10,4,0,4
384,212.39,6.4585,14,14,0,8,6,0,3
385,292.58,5.6595,16,16,0,8,7,1,5
386,375.91,5.7188,16,16,0,8,8,0,3
387,247.41,5.1663e-07,14,12,1,2,11,0,3
388,246.44,5.1663e-07,18,16,1,10,6,1,6
389,162.22,6.696,14,14,0,4,9,1,3
390,181.55,5.4889,16,16,0,12,4,0,5
391,116.6,6.6149,14,14,0,6,8,0,3
392,184.26,5.1663e-07,14,12,1,4,9,0,4
393,279.6,5.1663e-07,16,14,1,6,8,1,4
394,166.9,6.3092,14,14,0,10,4,0,3
395,323.39,8.0761,12,12,0,2,10,0,1
396,186.01,6.4585,14,14,0,8,6,0,4
397,135.42,6.696,14,14,0,4,9,1,2
398,178.01,5.1663e-07,14,12,1,2,11,0,2
399,204.58,5.6015,16,16,0,10,6,0,4
400,156.25,6.8644,14,14,0,2,11,1,2
401,337.27,5.1663e-07,16,14,1,2,13,0,4
402,129.76,8.0761,12,12,0,2,10,0,1
403,169.09,6.4585,14,14,0,8,6,0,2
404,192.82,5.1663e-07,16,14,1,4,11,0,4
405,226.81,6.4585,14,14,0,8,6,0,3
406,154.13,5.1663e-07,14,12,1,2,11,0,2
407,191.36,5.1663e-07,14,12,1,6,7,0,3
408,100.55,8.0761,12,12,0,2,10,0,0
409,183.03,8.0761,12,12,0,2,10,0,0
410,150.13,5.1663e-07,14,12,1,4,9,0,3
411,182.16,6.4585,14,14,0,8,6,0,3
412,140.48,5.1663e-07,14,12,1,2,10,1,3
413,167.3,8.0761,12,12,0,2,10,0,1
414,213.46,6.6149,14,14,0,6,8,0,3
415,151.7,6.696,14,14,0,4,9,1,3
416,161.64,6.4585,14,14,0,8,6,0,3
417,206.34,5.5446,16,16,0,10,5,1,5
418,248.11,5.1663e-07,14,12,1,4,9,0,2
419,176.35,5.1663e-07,14,12,1,4,9,0,4
420,255.46,5.4889,16,16,0,12,4,0,5
421,395.07,5.1663e-07,14,12,1,2,11,0,2
422,267.69,8.0761,12,12,0,2,10,0,1
423,187.61,8.3222,12,12,0,0,12,0,1
424,319.95,5.1663e-07,16,14,1,7,7,1,5
425,134.67,5.1663e-07,14,12,1,4,9,0,3
426,161.1,8.0761,12,12,0,2,10,0,0
427,290.95,5.1663e-07,14,12,1,4,9,0,4
428,147.13,6.6149,14,14,0,6,8,0,3
429,163.07,6.4585,14,14,0,8,6,0,2
430,189.12,6.4585,14,14,0,8,6,0,2
431,185.34,5.1663e-07,14,12,1,4,9,0,2
432,199.04,5.1663e-07,14,12,1,6,7,0,3
433,118.17,6.6149,14,14,0,6,8,0,2
434,139.35,5.1663e-07,14,12,1,4,9,0,2
435,201.27,5.1663e-07,14,12,1,6,7,0,3
436,342.19,6.6149,14,14,0,6,8,0,2
437,119.94,5.1663e-07,16,14,1,6,9,0,2
438,281.35,5.1663e-07,16,14,1,6,8,1,4
439,146.36,5.1663e-07,14,12,1,4,9,0,2
440,195.25,5.1663e-07,14,12,1,4,9,0,3
441,195.15,6.5358,14,14,0,6,7,1,2
442,239.48,6.4585,14,14,0,8,6,0,2
443,222.69,5.1663e-07,14,12,1,4,9,0,3
444,385.6,5.1663e-07,14,12,1,4,9,0,2
445,177.87,6.4585,14,14,0,8,6,0,2
446,143.48,5.1663e-07,18,16,1,10,6,1,6
447,176.07,5.5446,16,16,0,10,5,1,4
448,121.66,6.5358,14,14,0,6,7,1,2
449,146.56,2.5832e-07,14,10,2,2,10,0,3
450,167.92,6.7792,14,14,0,4,10,0,2
451,316.12,5.7793,16,16,0,6,9,1,4
452,192.92,5.1663e-07,14,12,1,4,9,0,3
453,99.086,2.5832e-07,16,12,2,6,8,0,4
454,251.22,5.1663e-07,16,14,1,10,5,0,6
455,185.21,5.1663e-07,14,12,1,2,10,1,3
456,93.506,6.7792,14,14,0,4,10,0,2
457,202.71,6.696,14,14,0,4,9,1,3
458,160.17,5.1663e-07,14,12,1,4,9,0,3
459,262.65,5.1663e-07,14,12,1,6,7,0,3
460,240.26,5.1663e-07,14,12,1,3,9,1,2
461,231.32,8.0761,12,12,0,2,10,0,1
462,148.59,5.1663e-07,14,12,1,4,9,0,3
463,185.71,7.8441,12,12,0,4,8,0,1
464,241.39,5.1663e-07,16,14,1,6,8,1,3
465,118.47,6.4585,14,14,0,8,6,0,4
466,248.74,8.0761,12,12,0,2,10,0,0
467,162.4,6.4585,14,14,0,8,6,0,2
468,185.47,6.4585,14,14,0,8,6,0,4
469,204.39,5.1663e-07,14,12,1,4,9,0,3
470,270.55,6.3092,14,14,0,10,4,0,3
471,337.69,6.4585,14,14,0,8,6,0,3
472,123.86,5.1663e-07,14,12,1,4,9,0,2
473,172.08,5.1663e-07,16,14,1,6,9,0,3
474,218.72,8.0761,12,12,0,2,10,0,1
475,222.56,8.0761,12,12,0,2,10,0,1
476,68.166,6.4585,14,14,0,8,6,0,3
477,199.67,5.1663e-07,16,14,1,5,9,1,2
478,216.36,5.1663e-07,14,12,1,2,11,0,2
479,243.99,5.1663e-07,16,14,1,6,8,1,5
480,236.87,5.1663e-07,14,12,1,4,9,0,3
481,255.83,5.1663e-07,14,12,1,6,7,0,3
482,176.43,5.6595,16,16,0,8,7,1,4
483,247.11,5.1663e-07,14,12,1,4,9,0,3
484,140.99,6.4585,14,14,0,8,6,0,4
485,251.96,8.0761,12,12,0,2,10,0,0
486,278.22,6.4585,14,14,0,8,6,0,3
487,268.09,6.5358,14,14,0,6,7,1,3
488,144.22,6.6149,14,14,0,6,8,0,3
489,243.07,8.0761,12,12,0,2,10,0,1
490,122.51,6.6149,14,14,0,6,8,0,2
491,203.15,6.3092,14,14,0,10,4,0,3
492,161.16,6.7792,14,14,0,4,10,0,2
493,139.68,8.0761,12,12,0,2,10,0,1
494,249.31,6.9517,14,14,0,2,12,0,2
495,185.71,5.6015,16,16,0,8,6,2,4
496,135.56,8.0761,12,12,0,2,10,0,1
497,149.89,6.6149,14,14,0,6,8,0,2
498,199.44,8.3222,12,12,0,0,12,0,1
499,281.75,6.4585,14,14,0,8,6,0,2
500,227.16,5.1663e-07,16,14,1,8,7,0,4
501,249.87,6.4585,14,14,0,8,6,0,2
502,237.15,2.5832e-07,16,12,2,6,8,0,5
503,326.83,8.0761,12,12,0,2,10,0,1
504,175.64,6.3092,14,14,0,10,4,0,4
505,212.46,5.1663e-07,14,12,1,2,11,0,2
506,173.27,6.6149,14,14,0,6,8,0,4
507,183.71,8.0761,12,12,0,2,10,0,1
508,168.98,8.3222,12,12,0,0,12,0,1
509,173.64,7.8441,12,12,0,4,8,0,0
510,256.61,5.1663e-07,14,12,1,4,9,0,3
511,168.42,6.6149,14,14,0,6,8,0,3
512,140.02,5.7188,16,16,0,8,8,0,2
513,295.23,5.1663e-07,16,14,1,6,9,0,3
514,171.11,8.0761,12,12,0,2,10,0,0
515,217.11,6.696,14,14,0,4,9,1,3
516,232.59,8.3222,12,12,0,0,12,0,1
517,184,6.4585,14,14,0,8,6,0,3
518,252.54,6.4585,14,14,0,8,6,0,4
519,204.05,5.1663e-07,14,12,1,4,9,0,3
520,180.73,6.4585,14,14,0,8,6,0,4
521,272.67,6.4585,14,14,0,8,6,0,2
522,132.08,5.1663e-07,14,12,1,6,7,0,4
523,190.26,5.1663e-07,14,12,1,4,9,0,2
524,186.57,6.6149,14,14,0,6,8,0,3
525,196.85,8.0761,12,12,0,2,10,0,1
526,151.87,6.3092,14,14,0,10,4,0,3
527,191.07,6.6149,14,14,0,6,8,0,3
528,332.83,5.1663e-07,14,12,1,6,7,0,3
529,194.37,5.1663e-07,16,14,1,4,10,1,4
530,226.4,5.5446,16,16,0,10,5,1,5
531,359.82,6.5358,14,14,0,6,7,1,3
532,266.35,5.1663e-07,14,12,1,4,9,0,3
533,245.27,5.1663e-07,14,12,1,4,9,0,4
534,206.45,6.6149,14,14,0,6,8,0,2
535,169.05,6.6149,14,14,0,6,8,0,4
536,198.17,7.8441,12,12,0,4,8,0,0
537,115.13,8.0761,12,12,0,2,10,0,0
538,104.93,6.7792,14,14,0,4,10,0,2
539,197.34,7.8441,12,12,0,4,8,0,0
540,157.42,5.1663e-07,14,12,1,6,7,0,2
541,127.46,6.4585,14,14,0,8,6,0,2
542,252.26,5.7793,16,16,0,6,9,1,2
543,173.76,4.8573,18,18,0,12,4,2,5
544,361.69,8.3222,12,12,0,0,12,0,1
545,180.48,8.0761,12,12,0,2,10,0,1
546,144.4,6.5358,14,14,0,6,7,1,3
547,294.87,6.3092,14,14,0,10,4,0,4
548,167.61,6.6149,14,14,0,6,8,0,3
549,167.04,6.6149,14,14,0,6,8,0,3
550,170.7,5.7188,16,16,0,8,8,0,3
551,164.65,6.3092,14,14,0,10,4,0,3
552,218.99,8.0761,12,12,0,2,10,0,1
553,186.51,6.4585,14,14,0,8,6,0,2
554,254.85,6.4585,14,14,0,8,6,0,4
555,163.93,6.5358,14,14,0,6,7,1,3
556,131.03,5.1663e-07,16,14,1,10,5,0,6
557,326.09,5.1663e-07,14,12,1,2,11,0,3
558,216.53,8.0761,12,12,0,2,10,0,1
559,144.98,5.1663e-07,16,14,1,10,5,0,5
560,125.51,6.3092,14,14,0,10,4,0,4
561,164.22,5.1663e-07,14,12,1,4,9,0,3
562,137.96,5.1663e-07,16,14,1,3,11,1,3
563,238.11,5.1663e-07,14,12,1,4,9,0,2
564,375.1,6.6149,14,14,0,6,8,0,2
565,117.53,6.696,14,14,0,4,9,1,3
566,180.91,8.0761,12,12,0,2,10,0,0
567,148.1,6.4585,14,14,0,8,6,0,3
568,213.76,6.7792,14,14,0,4,10,0,2
569,264.05,5.1663e-07,18,16,1,9,7,1,5
570,132.94,5.1663e-07,14,12,1,4,9,0,4
571,196.53,6.4585,14,14,0,8,6,0,3
572,118.64,6.5358,14,14,0,6,7,1,3
573,216.11,8.0761,12,12,0,2,10,0,1
574,179.79,6.4585,14,14,0,8,6,0,3
575,189.85,7.8441,12,12,0,4,8,0,1
576,158.67,6.4585,14,14,0,8,6,0,4
577,527.47,5.1663e-07,16,14,1,6,9,0,5
578,230.25,6.6149,14,14,0,6,8,0,2
579,290.97,5.1663e-07,16,14,1,7,7,1,3
580,163.7,6.6149,14,14,0,6,8,0,3
581,157.67,6.4585,14,14,0,8,6,0,2
582,203.84,6.6149,14,14,0,6,8,0,2
583,147.4,6.5358,14,14,0,6,7,1,2
584,205.82,6.6149,14,14,0,6,8,0,2
585,165.41,5.1663e-07,14,12,1,6,7,0,2
586,178.18,6.5358,14,14,0,6,7,1,3
587,111.37,5.1663e-07,14,12,1,4,9,0,4
588,210.02,6.5358,14,14,0,6,7,1,3
589,195.11,8.0761,12,12,0,2,10,0,1
590,124.68,6.7792,14,14,0,4,10,0,2
591,288.37,6.7792,14,14,0,4,10,0,4
592,190.74,5.1663e-07,14,12,1,4,9,0,2
593,293.41,6.3092,14,14,0,10,4,0,3
594,130.92,8.0761,12,12,0,2,10,0,1
595,210.27,6.4585,14,14,0,8,6,0,3
596,259.24,8.0761,12,12,0,2,10,0,1
597,185.51,5.1663e-07,14,12,1,2,11,0,3
598,268.75,8.3222,12,12,0,0,12,0,1
599,184.77,5.1663e-07,16,14,1,4,10,1,4
600,264.3,6.696,14,14,0,4,9,1,3
601,135.5,6.5358,14,14,0,6,7,1,2
602,284.47,6.5358,14,14,0,6,7,1,3
603,280.4,5.1663e-07,16,14,1,8,7,0,4
604,130.29,6.4585,14,14,0,8,6,0,4
605,198.43,6.4585,14,14,0,8,6,0,2
606,219.51,5.1663e-07,14,12,1,4,9,0,3
607,135.89,5.1663e-07,14,12,1,6,7,0,4
608,196.85,8.0761,12,12,0,2,10,0,1
609,229.74,6.7792,14,14,0,4,10,0,4
610,202.73,8.0761,12,12,0,2,10,0,1
611,244.38,5.1663e-07,14,12,1,4,9,0,3
612,155.34,5.7188,16,16,0,8,8,0,4
613,198.36,5.1663e-07,16,14,1,5,8,2,5
614,288.71,6.4585,14,14,0,8,6,0,1
615,262.65,5.1663e-07,16,14,1,8,7,0,4
616,302.54,6.6149,14,14,0,6,8,0,2
617,279.58,7.8441,12,12,0,4,8,0,0
618,116.01,5.1663e-07,18,16,1,8,8,1,5
619,239.1,5.1663e-07,14,12,1,6,7,0,4
620,155.31,5.1663e-07,14,12,1,4,9,0,2
621,198.52,6.5358,14,14,0,6,7,1,3
622,170.02,6.7792,14,14,0,4,10,0,3
623,220.41,8.0761,12,12,0,2,10,0,1
624,161.75,5.1663e-07,14,12,1,4,9,0,3
625,256.91,6.4585,14,14,0,8,6,0,3
626,214.58,6.696,14,14,0,4,9,1,2
627,179.41,6.6149,14,14,0,6,8,0,4
628,160.19,5.1663e-07,14,12,1,4,9,0,2
629,297.91,6.6149,14,14,0,6,8,0,2
630,137.67,5.1663e-07,14,12,1,6,7,0,3
631,212.11,6.6149,14,14,0,6,8,0,2
632,276.83,6.4585,14,14,0,8,6,0,3
633,272.34,5.1663e-07,14,12,1,4,9,0,3
634,210.32,5.1663e-07,14,12,1,4,9,0,3
635,208.37,8.0761,12,12,0,2,10,0,1
636,177.14,2.5832e-07,16,12,2,6,8,0,3
637,174.69,6.4585,14,14,0,8,6,0,2
638,149.71,5.1663e-07,14,12,1,4,9,0,4
639,172.88,6.6149,14,14,0,6,8,0,2
640,195.01,5.1663e-07,14,12,1,6,7,0,2
641,251.21,8.0761,12,12,0,2,10,0,1
642,288.5,6.3092,14,14,0,10,4,0,3
643,257.59,6.3092,14,14,0,10,4,0,2
644,312.95,8.0761,12,12,0,2,10,0,1
645,250.35,6.5358,14,14,0,6,7,1,2
646,217.43,5.6595,16,16,0,8,7,1,3
647,256.48,6.6149,14,14,0,6,8,0,3
648,217.47,8.0761,12,12,0,2,10,0,1
649,158.77,5.1663e-07,14,12,1,4,9,0,1
650,103.28,6.6149,14,14,0,6,8,0,2
651,236.28,5.6015,16,16,0,8,6,2,5
652,155.46,6.4585,14,14,0,8,6,0,2
653,244.14,5.1663e-07,16,14,1,4,10,1,5
654,184.51,6.3092,14,14,0,10,4,0,3
655,152.81,6.5358,14,14,0,6,7,1,2
656,133.02,6.4585,14,14,0,8,6,0,4
657,130.34,5.1663e-07,14,12,1,4,9,0,3
658,222.95,6.3092,14,14,0,10,4,0,3
659,275.74,6.3092,14,14,0,10,4,0,3
660,169.26,6.6149,14,14,0,6,8,0,3
661,226.95,5.1663e-07,14,12,1,4,9,0,4
662,295.33,6.4585,14,14,0,8,6,0,3
663,171.59,5.1663e-07,14,12,1,2,11,0,2
664,202.55,5.4889,16,16,0,12,4,0,5
665,194.3,7.8441,12,12,0,4,8,0,0
666,189.73,6.8644,14,14,0,2,11,1,2
667,240.61,6.6149,14,14,0,6,8,0,2
668,305.98,5.1663e-07,14,12,1,4,9,0,2
669,126.33,8.3222,12,12,0,0,12,0,1
670,138.82,6.6149,14,14,0,6,8,0,2
671,190.48,6.7792,14,14,0,4,10,0,2
672,153.27,6.4585,14,14,0,8,6,0,3
673,197.34,5.4343,16,16,0,12,3,1,6
674,119.74,7.8441,12,12,0,4,8,0,1
675,149.7,8.0761,12,12,0,2,10,0,1
676,144.74,5.4343,16,16,0,12,3,1,6
677,151.36,5.1663e-07,14,12,1,4,9,0,3
678,320.78,6.3092,14,14,0,10,4,0,4
679,206.85,5.6015,16,16,0,10,6,0,5
680,213.45,6.4585,14,14,0,8,6,0,4
681,188.19,7.8441,12,12,0,4,8,0,1
682,197.27,5.1663e-07,14,12,1,6,7,0,3
683,189.73,5.6595,16,16,0,8,7,1,5
684,394.29,5.1663e-07,14,12,1,4,9,0,2
685,323.71,5.1663e-07,14,12,1,4,9,0,1
686,206.78,5.0365,18,18,0,8,8,2,4
687,262.18,5.1663e-07,16,14,1,6,8,1,4
688,204.12,6.4585,14,14,0,8,6,0,3
689,208.27,6.4585,14,14,0,8,6,0,2
690,182.48,6.3092,14,14,0,10,4,0,4
691,174.14,5.1663e-07,16,14,1,8,6,1,4
692,190.42,5.1663e-07,14,12,1,4,9,0,1
693,175.47,5.1663e-07,16,14,1,6,9,0,3
694,145.01,6.7792,14,14,0,4,10,0,3
695,221.04,4.9009,18,18,0,10,5,3,5
696,177.25,8.0761,12,12,0,2,10,0,1
697,151.68,6.7792,14,14,0,4,10,0,2
698,223.82,5.5446,16,16,0,10,5,1,5
699,150.91,6.696,14,14,0,4,9,1,2
700,262.33,6.4585,14,14,0,8,6,0,3
701,105.82,8.0761,12,12,0,2,10,0,1
702,189.17,5.1663e-07,14,12,1,6,7,0,4
703,379.36,6.4585,14,14,0,8,6,0,3
704,132.19,5.1663e-07,16,14,1,6,8,1,5
705,179.25,6.6149,14,14,0,6,8,0,2
706,190.19,6.6149,14,14,0,6,8,0,3
707,178.24,5.1663e-07,14,12,1,4,9,0,2
708,177.98,6.4585,14,14,0,8,6,0,3
709,218.26,2.5832e-07,16,12,2,6,8,0,6
710,137.18,7.8441,12,12,0,4,8,0,1
711,142.89,5.1663e-07,16,14,1,6,9,0,4
712,124.4,5.6015,16,16,0,10,6,0,2
713,142.05,6.5358,14,14,0,6,7,1,3
714,130.52,5.1663e-07,16,14,1,8,7,0,4
715,187.06,6.6149,14,14,0,6,8,0,2
716,230.02,5.1663e-07,14,12,1,4,9,0,3
717,274.04,5.1663e-07,16,14,1,6,9,0,4
718,154.27,6.6149,14,14,0,6,8,0,2
719,320.27,8.3222,12,12,0,0,12,0,1
720,128.94,5.6595,16,16,0,8,7,1,3
721,232.24,6.6149,14,14,0,6,8,0,1
722,150.58,6.7792,14,14,0,4,10,0,1
723,468.26,6.696,14,14,0,4,9,1,2
724,156.51,8.0761,12,12,0,2,10,0,1
725,264.37,6.6149,14,14,0,6,8,0,2
726,226.5,6.6149,14,14,0,6,8,0,2
727,192.67,5.6015,16,16,0,10,6,0,3
728,202.54,8.0761,12,12,0,2,10,0,1
729,303.63,6.3092,14,14,0,10,4,0,4
730,142.82,7.8441,12,12,0,4,8,0,0
731,250.86,8.0761,12,12,0,2,10,0,1
732,235.15,5.6015,16,16,0,10,6,0,5
733,172.78,5.1663e-07,16,14,1,8,7,0,4
734,300.17,6.4585,14,14,0,8,6,0,3
735,255.61,6.4585,14,14,0,8,6,0,3
736,162.87,7.8441,12,12,0,4,8,0,1
737,240.39,7.8441,12,12,0,4,8,0,1
738,152.3,6.5358,14,14,0,6,7,1,3
739,108.5,6.6149,14,14,0,6,8,0,3
740,168.43,8.0761,12,12,0,2,10,0,1
741,174.64,6.9517,14,14,0,2,12,0,2
742,224.1,6.5358,14,14,0,6,7,1,2
743,193.42,6.7792,14,14,0,4,10,0,3
744,202.48,8.0761,12,12,0,2,10,0,1
745,106.19,5.1663e-07,14,12,1,1,11,1,2
746,307.09,5.1663e-07,14,12,1,4,9,0,1
747,247.08,6.4585,14,14,0,8,6,0,3
748,133.02,8.0761,12,12,0,2,10,0,1
749,323.61,6.6149,14,14,0,6,8,0,2
750,129.58,8.3222,12,12,0,0,12,0,1
751,298.88,5.1663e-07,14,12,1,4,9,0,2
752,238.65,8.0761,12,12,0,2,10,0,0
753,172.94,6.6149,14,14,0,6,8,0,2
754,167.87,6.4585,14,14,0,8,6,0,2
755,191.87,5.1663e-07,14,12,1,2,11,0,2
756,185.09,5.1663e-07,16,14,1,5,8,2,3
757,156.08,5.1663e-07,14,12,1,4,9,0,3
758,155.92,5.1663e-07,14,12,1,4,9,0,2
759,226.08,5.1663e-07,14,12,1,2,11,0,2
760,195.24,6.6149,14,14,0,6,8,0,3
761,218.11,6.4585,14,14,0,8,6,0,4
762,258.64,5.1663e-07,16,14,1,6,9,0,4
763,233.3,8.0761,12,12,0,2,10,0,1
764,158.02,8.0761,12,12,0,2,10,0,1
765,110.38,5.7793,16,16,0,6,9,1,2
766,105.16,5.1663e-07,14,12,1,2,11,0,3
767,171.87,5.1663e-07,16,14,1,4,10,1,3
768,193.96,5.1663e-07,14,12,1,4,9,0,3
769,293.83,6.3092,14,14,0,10,4,0,2
770,288.98,8.0761,12,12,0,2,10,0,1
771,184.21,5.1663e-07,16,14,1,4,10,1,4
772,381.19,6.6149,14,14,0,6,8,0,3
773,122.87,8.0761,12,12,0,2,10,0,1
774,194.18,5.1663e-07,16,14,1,4,10,1,3
775,177.16,6.4585,14,14,0,8,6,0,2
776,233.88,5.1663e-07,14,12,1,4,9,0,2
777,210.68,6.4585,14,14,0,8,6,0,3
778,142.95,5.1663e-07,14,12,1,4,9,0,3
779,182.91,6.4585,14,14,0,8,6,0,3
780,250.97,5.5446,16,16,0,10,5,1,5
781,202.94,6.4585,14,14,0,8,6,0,3
782,177.94,6.6149,14,14,0,6,8,0,3
783,114.18,6.696,14,14,0,4,9,1,2
784,185.58,6.4585,14,14,0,8,6,0,3
785,295.55,6.3092,14,14,0,10,4,0,3
786,195.19,6.696,14,14,0,4,9,1,1
787,234.98,6.6149,14,14,0,6,8,0,1
788,119.73,6.4585,14,14,0,8,6,0,3
789,306.18,5.1663e-07,16,14,1,8,7,0,4
790,173.98,2.5832e-07,16,12,2,4,10,0,5
791,134.32,5.1663e-07,14,12,1,2,11,0,3
792,268.59,5.1663e-07,16,14,1,6,8,1,5
793,152.89,5.1663e-07,14,12,1,4,9,0,3
794,131.37,5.1663e-07,16,14,1,9,5,1,5
795,208.95,5.1663e-07,16,14,1,8,7,0,5
796,191.03,8.3222,12,12,0,0,12,0,1
797,173.08,6.6149,14,14,0,6,8,0,2
798,257.02,5.1663e-07,14,12,1,6,7,0,4
799,360.17,5.1663e-07,14,12,1,4,9,0,3
800,353.15,8.3222,12,12,0,0,12,0,1
801,166.27,6.6149,14,14,0,6,8,0,3
802,295.69,6.9517,14,14,0,2,12,0,3
803,352.06,5.1663e-07,14,12,1,4,9,0,3
804,197.82,5.1663e-07,14,12,1,4,9,0,3
805,179.92,6.6149,14,14,0,6,8,0,2
806,197.7,2.5832e-07,16,12,2,4,10,0,4
807,241.4,6.6149,14,14,0,6,8,0,2
808,246.99,7.8441,12,12,0,4,8,0,0
809,240.39,8.3222,12,12,0,0,12,0,1
810,144.86,6.4585,14,14,0,8,6,0,4
811,181.85,6.6149,14,14,0,6,8,0,2
812,92.153,6.6149,14,14,0,6,8,0,2
813,195.75,6.696,14,14,0,4,9,1,2
814,159.39,5.1663e-07,14,12,1,4,9,0,2
815,129.17,7.8441,12,12,0,4,8,0,1
816,115.2,6.4585,14,14,0,8,6,0,2
817,221.44,6.4585,14,14,0,8,6,0,3
818,120.65,5.1663e-07,14,12,1,4,9,0,3
819,183.49,5.1663e-07,16,14,1,6,9,0,3
820,212.8,6.4585,14,14,0,8,6,0,3
821,155.01,5.1663e-07,14,12,1,4,9,0,3
822,223.09,6.4585,14,14,0,8,6,0,3
823,165.46,6.6149,14,14,0,6,8,0,3
824,158.53,6.4585,14,14,0,8,6,0,2
825,158.06,6.5358,14,14,0,6,7,1,1
826,122.83,5.1663e-07,16,14,1,6,9,0,2
827,151.91,5.1663e-07,16,14,1,6,8,1,4
828,191.84,5.1663e-07,14,12,1,4,9,0,3
829,281.93,5.1663e-07,14,12,1,4,9,0,2
830,132.37,8.0761,12,12,0,2,10,0,1
831,218.94,6.5358,14,14,0,6,7,1,3
832,195.99,6.4585,14,14,0,8,6,0,4
833,210.34,5.1663e-07,14,12,1,2,11,0,2
834,184.88,6.4585,14,14,0,8,6,0,3
835,104.29,6.3092,14,14,0,10,4,0,3
836,279.4,5.1663e-07,14,12,1,2,11,0,3
837,185.19,7.8441,12,12,0,4,8,0,1
838,332.19,6.696,14,14,0,4,9,1,3
839,96.067,6.6149,14,14,0,6,8,0,3
840,209.08,6.7792,14,14,0,4,10,0,3
841,191.12,6.6149,14,14,0,6,8,0,2
842,205.6,8.0761,12,12,0,2,10,0,1
843,289.89,6.6149,14,14,0,6,8,0,3
844,194.81,6.8644,14,14,0,2,11,1,2
845,185.46,5.1663e-07,14,12,1,4,9,0,3
846,196.33,6.7792,14,14,0,4,10,0,2
847,296.04,5.7188,16,16,0,6,8,2,3
848,171.55,6.7792,14,14,0,4,10,0,2
849,279.29,6.6149,14,14,0,6,8,0,2
850,187.79,6.4585,14,14,0,8,6,0,2
851,292.74,6.4585,14,14,0,8,6,0,3
852,112.78,8.0761,12,12,0,2,10,0,1
853,284.92,5.1663e-07,14,12,1,4,9,0,2
854,208.32,6.4585,14,14,0,8,6,0,3
855,278.69,6.4585,14,14,0,8,6,0,4
856,75.064,6.5358,14,14,0,6,7,1,3
857,317.98,6.4585,14,14,0,8,6,0,2
858,232.57,8.0761,12,12,0,2,10,0,0
859,143.81,6.6149,14,14,0,6,8,0,3
860,144.27,5.1663e-07,14,12,1,4,9,0,4
861,134.32,2.5832e-07,14,10,2,2,10,0,3
862,164.88,5.1663e-07,14,12,1,4,9,0,3
863,154.94,6.7792,14,14,0,4,10,0,2
864,308.14,5.1663e-07,14,12,1,4,9,0,3
865,143.19,5.5446,16,16,0,10,5,1,4
866,359.65,5.1663e-07,14,12,1,4,9,0,3
867,211.89,6.6149,14,14,0,6,8,0,2
868,298.76,8.0761,12,12,0,2,10,0,1
869,261.77,5.1663e-07,14,12,1,4,9,0,3
870,201.99,8.3222,12,12,0,0,12,0,1
871,246.25,6.6149,14,14,0,6,8,0,2
872,297.29,7.8441,12,12,0,4,8,0,0
873,143.99,5.6595,16,16,0,8,7,1,4
874,192.39,6.4585,14,14,0,8,6,0,3
875,304.83,6.8644,14,14,0,2,11,1,2
876,164.98,8.0761,12,12,0,2,10,0,1
877,175.74,8.0761,12,12,0,2,10,0,1
878,224.4,6.6149,14,14,0,6,8,0,2
879,237.03,5.6595,16,16,0,8,7,1,3
880,110.17,5.1663e-07,14,12,1,4,9,0,2
881,181.8,5.5446,16,16,0,10,5,1,5
882,310.37,8.0761,12,12,0,2,10,0,0
883,264.27,5.1663e-07,16,14,1,7,7,1,3
884,218.1,5.1663e-07,16,14,1,8,7,0,5
885,232.05,5.1663e-07,14,12,1,2,11,0,2
886,248.21,5.1663e-07,14,12,1,2,11,0,3
887,92.963,6.4585,14,14,0,8,6,0,2
888,325.62,8.0761,12,12,0,2,10,0,1
889,141.21,8.0761,12,12,0,2,10,0,1
890,247.79,5.1663e-07,14,12,1,4,9,0,3
891,242.1,5.1663e-07,14,12,1,2,11,0,3
892,161.32,6.9517,14,14,0,2,12,0,1
893,196.91,5.1663e-07,14,12,1,6,7,0,3
894,142.06,6.7792,14,14,0,4,10,0,3
895,171.33,8.0761,12,12,0,2,10,0,1
896,246.78,5.1663e-07,14,12,1,4,9,0,2
897,167.2,6.4585,14,14,0,8,6,0,4
898,311.43,6.4585,14,14,0,8,6,0,4
899,219.68,8.0761,12,12,0,2,10,0,1
900,236.66,2.5832e-07,14,10,2,2,10,0,3
901,162.71,7.8441,12,12,0,4,8,0,1
902,167.31,6.5358,14,14,0,6,7,1,3
903,137.95,5.1663e-07,14,12,1,2,11,0,3
904,148.97,6.6149,14,14,0,6,8,0,2
905,373.22,5.1663e-07,14,12,1,6,7,0,3
906,183.58,8.0761,12,12,0,2,10,0,1
907,211.99,5.1663e-07,14,12,1,6,7,0,3
908,195.24,5.6595,16,16,0,8,7,1,3
909,212.67,8.0761,12,12,0,2,10,0,1
910,236.91,6.6149,14,14,0,6,8,0,3
911,179.33,7.8441,12,12,0,4,8,0,1
912,266.17,7.8441,12,12,0,4,8,0,0
913,210.72,6.6149,14,14,0,6,8,0,2
914,198.67,5.1663e-07,14,12,1,6,7,0,3
915,206.54,8.0761,12,12,0,2,10,0,1
916,118.43,5.6595,16,16,0,8,7,1,3
917,127.49,6.696,14,14,0,4,9,1,3
918,326.88,6.6149,14,14,0,6,8,0,3
919,129.98,6.4585,14,14,0,8,6,0,2
920,189.19,6.6149,14,14,0,6,8,0,4
921,184.15,8.0761,12,12,0,2,10,0,1
922,99.76,6.4585,14,14,0,8,6,0,3
923,123.34,5.1663e-07,16,14,1,6,9,0,4
924,262.33,5.1663e-07,14,12,1,4,9,0,3
925,276.46,8.0761,12,12,0,2,10,0,1
926,194.75,6.5358,14,14,0,6,7,1,3
927,161.98,8.0761,12,12,0,2,10,0,1
928,188.54,6.4585,14,14,0,8,6,0,3
929,150.83,8.0761,12,12,0,2,10,0,1
930,137.84,6.4585,14,14,0,8,6,0,3
931,241.35,5.1663e-07,14,12,1,4,9,0,2
932,176.16,5.1663e-07,14,12,1,2,11,0,2
933,191.23,6.7792,14,14,0,4,10,0,2
934,145.64,6.6149,14,14,0,6,8,0,2
935,302.26,6.696,14,14,0,4,9,1,3
936,220.61,6.4585,14,14,0,8,6,0,3
937,278.95,5.1663e-07,14,12,1,4,9,0,2
938,225.64,5.1663e-07,16,14,1,7,7,1,4
939,175.71,5.6595,16,16,0,8,7,1,3
940,182.25,5.1663e-07,14,12,1,4,9,0,3
941,162.73,6.6149,14,14,0,6,8,0,2
942,271.25,6.7792,14,14,0,4,10,0,2
943,188.88,5.1663e-07,14,12,1,2,11,0,3
944,221.14,7.8441,12,12,0,4,8,0,1
945,174.41,5.6595,16,16,0,8,7,1,4
946,167.18,6.4585,14,14,0,8,6,0,3
947,197.81,8.3222,12,12,0,0,12,0,1
948,240.08,6.4585,14,14,0,8,6,0,2
949,210.27,5.1663e-07,16,14,1,6,9,0,3
950,183.04,6.696,14,14,0,4,9,1,2
951,165.59,6.5358,14,14,0,6,7,1,2
952,108.41,6.696,14,14,0,4,9,1,2
953,175.44,5.1663e-07,14,12,1,6,7,0,3
954,200.45,6.5358,14,14,0,6,7,1,3
955,106.52,6.6149,14,14,0,6,8,0,3
956,172.4,5.1663e-07,14,12,1,2,10,1,3
957,198.81,5.1663e-07,16,14,1,8,7,0,4
958,234.95,6.696,14,14,0,4,9,1,2
959,262.03,5.1663e-07,16,14,1,8,7,0,3
960,131.83,5.1663e-07,14,12,1,4,9,0,2
961,261.61,6.8644,14,14,0,2,11,1,2
962,161.1,5.1663e-07,14,12,1,4,9,0,2
963,117.92,6.4585,14,14,0,8,6,0,2
964,181.08,8.0761,12,12,0,2,10,0,1
965,224.08,8.0761,12,12,0,2,10,0,1
966,178.33,6.4585,14,14,0,8,6,0,2
967,198.62,6.6149,14,14,0,6,8,0,3
968,208.71,5.1663e-07,14,12,1,6,7,0,4
969,245.97,8.0761,12,12,0,2,10,0,1
970,185.37,6.6149,14,14,0,6,8,0,3
971,229.33,6.4585,14,14,0,8,6,0,4
972,227.74,6.696,14,14,0,4,9,1,2
973,269.77,6.4585,14,14,0,8,6,0,3
974,163.06,6.6149,14,14,0,6,8,0,2
975,139.23,5.6595,16,16,0,8,7,1,3
976,107.95,6.5358,14,14,0,6,7,1,2
977,191.11,5.1663e-07,18,16,1,11,5,1,6
978,185.24,5.7793,16,16,0,6,9,1,4
979,154.02,6.6149,14,14,0,6,8,0,2
980,169.62,5.1663e-07,14,12,1,4,9,0,3
981,101.37,5.1663e-07,16,14,1,5,9,1,4
982,252.71,8.3222,12,12,0,0,12,0,1
983,231.82,5.5446,16,16,0,10,5,1,5
984,107.86,5.6595,16,16,0,8,7,1,4
985,219.33,5.1663e-07,14,12,1,2,11,0,2
986,248.22,5.1663e-07,16,14,1,6,9,0,4
987,173.12,5.7188,16,16,0,6,8,2,4
988,252.8,5.1663e-07,14,12,1,4,9,0,3
989,258.46,7.8441,12,12,0,4,8,0,0
990,150.71,5.1663e-07,14,12,1,6,7,0,3
991,110.22,6.4585,14,14,0,8,6,0,3
992,162.63,5.1663e-07,14,12,1,4,9,0,3
993,258,5.1663e-07,16,14,1,6,9,0,4
994,148.29,8.0761,12,12,0,2,10,0,1
995,214.38,6.4585,14,14,0,8,6,0,4
996,193.5,5.6595,16,16,0,8,7,1,3
997,212.87,8.0761,12,12,0,2,10,0,1
998,241.64,5.1663e-07,14,12,1,4,9,0,4
999,177.65,5.9043,16,16,0,4,11,1,2
1000,234.43,5.1663e-07,14,12,1,4,9,0,4
