1,195.61,5.6014,16,16,0,10,6,0,3
2,159.33,6.7792,14,14,0,4,10,0,0
3,179.25,4.4627,20,20,0,12,7,1,5
4,245.38,6.7792,14,14,0,4,10,0,1
5,430.92,4.9453,18,18,0,12,6,0,2
6,253.59,5.5445,16,16,0,10,5,1,4
7,233.42,2.5e-14,16,14,1,6,9,0,3
8,264.98,6.7789,14,14,0,4,10,0,2
9,154.77,5.6015,16,16,0,10,6,0,4
10,173.91,5.7187,16,16,0,8,8,0,3
11,229.5,3.3333e-14,20,18,1,10,8,1,5
12,134.84,5.7186,16,16,0,8,8,0,3
13,247.05,6.9516,14,14,0,2,12,0,1
14,213.15,5.6014,16,16,0,10,6,0,3
15,445.71,3.3333e-14,16,14,1,6,9,0,3
16,229.33,6.9516,14,14,0,2,12,0,1
17,420.72,3.3333e-14,18,16,1,10,7,0,4
18,258.91,6.7792,14,14,0,4,10,0,0
19,282.49,5.6014,16,16,0,10,6,0,3
20,194.18,3.3333e-14,15,16,1,8,9,0,4
21,133.17,6.9516,14,14,0,2,12,0,1
22,153.27,6.779,14,14,0,4,10,0,1
23,275.96,2.5e-14,16,14,1,4,11,0,2
24,238.88,4.9904,18,18,0,10,7,1,5
25,184.61,3.3333e-14,16,14,1,6,9,0,3
26,295.49,5.8409,16,16,0,6,10,0,3
27,221,5.841,16,16,0,6,10,0,2
28,181.79,6.7792,14,14,0,4,10,0,0
29,169.31,6.6149,14,14,0,6,8,0,0
30,281.6,6.779,14,14,0,4,10,0,1
31,171.08,5.4889,16,16,0,12,4,0,4
32,190.36,2.5e-14,16,14,1,6,9,0,3
33,233.19,3.3333e-14,16,14,1,4,11,0,2
34,224.12,6.779,14,14,0,4,10,0,1
35,253.2,2.5e-14,16,14,1,4,11,0,3
36,212.29,8.3333e-15,18,16,1,5,11,1,3
37,202.01,5.6595,16,16,0,8,7,1,3
38,134.86,5.6594,16,16,0,8,7,1,3
39,330.67,3.3333e-14,16,14,1,6,9,0,4
40,374.65,6.6149,14,14,0,6,8,0,1
41,195.37,5.7791,16,16,0,6,9,1,3
42,211.88,5.7792,16,16,0,6,9,1,1
43,220.74,3.3333e-14,16,14,1,6,9,0,4
44,274.67,5.7187,16,16,0,8,8,0,3
45,206.27,5.7792,16,16,0,6,9,1,2
46,226.2,2.5e-14,20,18,1,12,6,1,5
47,154.65,2.5e-14,14,12,1,0,13,0,1
48,149.77,6.9516,14,14,0,2,12,0,1
49,232.91,2.5e-14,16,14,1,4,11,0,2
50,213.2,5.841,16,16,0,6,10,0,2
51,131.6,6.7789,14,14,0,4,10,0,2
52,267.42,5.2291,18,18,0,6,12,0,4
53,190.75,3.3333e-14,18,16,1,10,7,0,5
54,183.11,5.7188,16,16,0,8,8,0,2
55,126.46,2.5e-14,20,18,1,6,12,1,3
56,257.09,2.5e-14,16,14,1,2,12,1,2
57,305.13,3.3333e-14,16,14,1,4,11,0,2
58,250.48,5.7188,16,16,0,8,8,0,2
59,192.98,3.3333e-14,18,16,1,10,6,1,6
60,295.75,5.7188,16,16,0,8,8,0,3
61,265.7,5.7187,16,16,0,8,8,0,3
62,211.28,6.7789,14,14,0,4,10,0,2
63,166.67,4.9903,18,18,0,10,7,1,5
64,212.7,3.3333e-14,18,16,1,12,5,0,5
65,206.12,5e-14,16,14,1,4,11,0,3
66,319.11,8.3333e-15,16,14,1,3,11,1,2
67,315.63,5.9041,16,16,0,4,11,1,3
68,266.45,5.8409,16,16,0,6,10,0,3
69,234.14,8.3333e-15,18,16,1,7,9,1,3
70,249.71,6.7792,14,14,0,4,10,0,1
71,242.92,5e-14,16,14,1,4,11,0,3
72,230.57,2.5e-14,16,14,1,6,9,0,2
73,361.29,5.841,16,16,0,6,10,0,3
74,215.89,5.8409,16,16,0,6,10,0,3
75,219.06,2.5e-14,18,16,1,6,10,1,3
76,331.15,2.5e-14,16,14,1,4,10,1,3
77,257.64,5.841,16,16,0,6,10,0,2
78,329.02,3.3333e-14,16,14,1,6,9,0,3
79,329.61,5.7187,16,16,0,8,8,0,2
80,169.01,5.7188,16,16,0,8,8,0,2
81,276.17,5.8409,16,16,0,6,10,0,3
82,249.42,6.7792,14,14,0,4,10,0,0
83,146.49,5.6014,16,16,0,10,6,0,4
84,333.05,3.3333e-14,16,14,1,4,11,0,3
85,236.61,5e-14,16,14,1,4,11,0,2
86,241.26,5.0365,18,18,0,10,8,0,3
87,146.48,5.7187,16,16,0,8,8,0,3
88,214.65,4.9009,18,18,0,12,5,1,5
89,348.15,3.3333e-14,16,14,1,4,11,0,2
90,251.41,6.6149,14,14,0,6,8,0,1
91,261.46,6.7792,14,14,0,4,10,0,1
92,164.63,3.3333e-14,16,14,1,4,11,0,3
93,241.78,5.7188,16,16,0,8,8,0,3
94,173.15,9.0909e-15,18,16,1,7,8,2,5
95,331.34,5.8408,16,16,0,6,10,0,4
96,321.63,6.6149,14,14,0,6,8,0,1
97,175.9,6.6149,14,14,0,6,8,0,0
98,265.17,5.9686,16,16,0,4,12,0,1
99,270.11,5.841,16,16,0,6,10,0,2
100,186.5,4.4995,20,20,0,10,8,2,4
101,209.9,5.6015,16,16,0,10,6,0,2
102,140.06,5.7186,16,16,0,8,8,0,3
103,136.6,5.779,16,16,0,6,9,1,4
104,181.91,6.6149,14,14,0,6,8,0,2
105,261.5,6.6149,14,14,0,6,8,0,1
106,226.87,5.841,16,16,0,6,10,0,2
107,199.47,6.7789,14,14,0,4,10,0,2
108,409.64,3.3333e-14,16,14,1,6,9,0,3
109,179.66,3.3333e-14,16,14,1,6,9,0,3
110,159.31,3.3333e-14,16,14,1,6,9,0,2
111,215.33,5.7188,16,16,0,8,8,0,3
112,240.73,6.779,14,14,0,4,10,0,1
113,204.54,5.7186,16,16,0,8,8,0,3
114,188,3.3333e-14,16,14,1,6,9,0,3
115,255.32,4.9904,18,18,0,10,7,1,3
116,328.51,5.7187,16,16,0,8,8,0,2
117,255.61,6.779,14,14,0,4,10,0,1
118,174.58,5.7793,16,16,0,6,9,1,2
119,188.95,5e-14,18,16,1,10,6,1,5
120,268.64,6.7789,14,14,0,4,10,0,2
121,207.08,5.1797,18,18,0,6,11,1,3
122,158.29,5.7186,16,16,0,8,8,0,3
123,113.38,2.5e-14,18,16,1,6,10,1,4
124,173.37,5.6015,16,16,0,10,6,0,3
125,256.19,5.7186,16,16,0,8,8,0,3
126,233.67,5.7186,16,16,0,8,8,0,3
127,192.91,6.779,14,14,0,4,10,0,1
128,249.47,6.9516,14,14,0,2,12,0,1
129,230.56,3.3333e-14,16,14,1,4,11,0,3
130,149.33,5.7186,16,16,0,8,8,0,3
131,222.69,6.6149,14,14,0,6,8,0,2
132,150.36,4.9904,18,18,0,10,7,1,2
133,236.5,6.779,14,14,0,4,10,0,2
134,279.94,6.9517,14,14,0,2,12,0,0
135,185.62,6.6149,14,14,0,6,8,0,1
136,343.5,8.3333e-15,18,16,1,7,8,2,4
137,129.05,6.7792,14,14,0,4,10,0,1
138,236.09,6.7789,14,14,0,4,10,0,2
139,161.87,5.7187,16,16,0,8,8,0,4
140,235.47,5.7187,16,16,0,8,8,0,2
141,144.65,6.9516,14,14,0,2,12,0,1
142,213.1,3.3333e-14,16,14,1,6,9,0,3
143,336.39,5.841,16,16,0,6,10,0,3
144,259.63,5.7186,16,16,0,8,8,0,3
145,221.11,3.3333e-14,16,14,1,6,9,0,3
146,202.96,5.6594,16,16,0,8,7,1,4
147,186.55,6.779,14,14,0,4,10,0,1
148,261.81,5.7187,16,16,0,8,8,0,3
149,269.7,5e-14,16,14,1,4,11,0,2
150,174.3,6.779,14,14,0,4,10,0,1
151,224.13,2.5e-14,14,12,1,0,13,0,2
152,218.46,2.5e-14,16,12,2,2,12,0,3
153,257.83,2.5e-14,14,12,1,0,13,0,1
154,186.74,5.6013,16,16,0,10,6,0,4
155,419.86,5.841,16,16,0,6,10,0,2
156,259.02,5e-14,16,14,1,6,9,0,3
157,255.84,6.779,14,14,0,4,10,0,1
158,249.66,3.3333e-14,16,12,2,0,14,0,3
159,252.77,5.5446,16,16,0,10,5,1,3
160,200.68,5.7791,16,16,0,6,9,1,4
161,198.89,1e-13,18,16,1,10,7,0,5
162,290.87,5.6595,16,16,0,8,7,1,3
163,267.8,6.779,14,14,0,4,10,0,1
164,207.06,5.7186,16,16,0,8,8,0,3
165,330.51,5.6595,16,16,0,8,7,1,3
166,152.56,6.779,14,14,0,4,10,0,1
167,201.32,4.6137,20,20,0,8,11,1,3
168,162.82,8.3333e-15,20,18,1,9,8,2,5
169,333.19,6.779,14,14,0,4,10,0,2
170,272.57,6.6149,14,14,0,6,8,0,1
171,127.44,5.9685,16,16,0,4,12,0,3
172,196.78,5.6015,16,16,0,10,6,0,3
173,178.44,5.841,16,16,0,6,10,0,3
174,219.21,5.1797,18,18,0,6,11,1,2
175,213.71,3.3333e-14,16,14,1,6,9,0,2
176,182.3,3.3333e-14,16,14,1,4,11,0,3
177,234.73,2.5e-14,16,14,1,2,13,0,4
178,247.17,5e-14,18,14,2,10,6,0,7
179,156.82,5e-14,16,14,1,4,11,0,2
180,263.69,6.9516,14,14,0,2,12,0,1
181,211.27,5.7187,16,16,0,8,8,0,3
182,289.32,5.7186,16,16,0,8,8,0,4
183,200.5,5.1311,18,18,0,6,10,2,3
184,194.28,5.6015,16,16,0,10,6,0,2
185,285.76,4.9451,18,18,0,10,6,2,5
186,261.93,6.6149,14,14,0,6,8,0,0
187,303.3,6.7789,14,14,0,4,10,0,2
188,256.26,5.6595,16,16,0,8,7,1,3
189,232.04,3.3333e-14,16,14,1,8,7,0,4
190,158.85,5.841,16,16,0,6,10,0,3
191,176.8,5.7792,16,16,0,6,9,1,3
192,418.26,5.841,16,16,0,6,10,0,2
193,159.67,2.5e-14,18,14,2,6,10,0,3
194,225.59,2.5e-14,16,14,1,4,11,0,3
195,322.65,5.7186,16,16,0,8,8,0,4
196,210.16,6.7789,14,14,0,4,10,0,2
197,159.03,3.3333e-14,18,16,1,10,6,1,6
198,397.29,3.3333e-14,16,14,1,4,11,0,3
199,177.03,6.779,14,14,0,4,10,0,1
200,225.64,6.9516,14,14,0,2,12,0,1
201,253.12,5.6015,16,16,0,10,6,0,2
202,315.91,5.7186,16,16,0,8,8,0,2
203,132.89,3.3333e-14,16,14,1,4,11,0,3
204,327.3,5.0833,18,18,0,8,9,1,3
205,140.46,3.3333e-14,16,14,1,4,11,0,4
206,160.96,5e-14,18,16,1,8,8,1,5
207,224.22,5.7186,16,16,0,8,8,0,3
208,184.66,6.779,14,14,0,4,10,0,1
209,132,2.5e-14,16,14,1,4,11,0,3
210,296.52,3.3333e-14,16,14,1,4,11,0,4
211,235.98,3.3333e-14,16,14,1,4,11,0,4
212,190.53,2.5e-14,16,14,1,8,7,0,4
213,236.07,2.5e-14,16,14,1,6,9,0,1
214,380.17,3.3333e-14,16,14,1,4,11,0,3
215,299.92,5.6015,16,16,0,10,6,0,3
216,237.77,5.6014,16,16,0,10,6,0,3
217,230.66,3.3333e-14,16,14,1,8,7,0,3
218,219.61,5.9041,16,16,0,4,11,1,3
219,241.22,6.779,14,14,0,4,10,0,1
220,309.13,2.5e-14,18,16,1,6,10,1,4
221,218.83,5.7187,16,16,0,8,8,0,3
222,162.22,6.7792,14,14,0,4,10,0,0
223,152.48,5.6594,16,16,0,8,7,1,4
224,127.31,6.779,14,14,0,4,10,0,1
225,268.4,5.7186,16,16,0,8,8,0,3
226,173.7,6.7792,14,14,0,4,10,0,0
227,279.19,2.5e-14,16,14,1,6,9,0,1
228,216.42,5.6015,16,16,0,10,6,0,2
229,336.25,2.5e-14,16,14,1,4,11,0,2
230,264.01,3.3333e-14,13,14,1,4,11,0,2
231,179.12,5.841,16,16,0,6,10,0,2
232,149.59,6.779,14,14,0,4,10,0,1
233,275.28,3.3333e-14,18,16,1,8,9,0,4
234,229.61,6.779,14,14,0,4,10,0,1
235,324.24,5.7187,16,16,0,8,8,0,2
236,181.91,3.3333e-14,16,14,1,6,9,0,3
237,279.9,4.9905,18,18,0,10,7,1,4
238,176.66,3.3333e-14,18,16,1,6,9,2,3
239,217.49,6.9516,14,14,0,2,12,0,1
240,269.76,6.7792,14,14,0,4,10,0,0
241,222.55,6.779,14,14,0,4,10,0,1
242,188.76,3.3333e-14,18,16,1,10,7,0,5
243,385.01,6.7789,14,14,0,4,10,0,2
244,199.32,5.9041,16,16,0,4,11,1,3
245,333.14,5.7186,16,16,0,8,8,0,3
246,164.34,5.8408,16,16,0,6,10,0,3
247,295.39,6.7792,14,14,0,4,10,0,1
248,185.24,6.6149,14,14,0,6,8,0,1
249,255.42,5.0832,18,18,0,8,9,1,3
250,281.13,5.7187,16,16,0,8,8,0,3
251,155.31,6.7789,14,14,0,4,10,0,2
252,220.88,6.779,14,14,0,4,10,0,1
253,149.1,6.7789,14,14,0,4,10,0,2
254,362.51,5.9043,16,16,0,4,11,1,2
255,192.29,6.9515,14,14,0,2,12,0,1
256,236.93,9.0909e-15,18,16,1,9,7,1,5
257,179.47,2.5e-14,16,14,1,4,11,0,2
258,199.25,5.7792,16,16,0,6,9,1,3
259,229.44,6.7789,14,14,0,4,10,0,2
260,276.29,3.3333e-14,14,12,1,0,13,0,1
261,245,5.7186,16,16,0,8,8,0,4
262,131.84,6.9516,14,14,0,2,12,0,1
263,148.09,6.7792,14,14,0,4,10,0,0
264,190.23,5.6015,16,16,0,10,6,0,3
265,166.09,5.7792,16,16,0,6,9,1,2
266,91.705,4.4995,20,20,0,10,8,2,4
267,217,5.7188,16,16,0,8,8,0,1
268,247.48,5.6013,16,16,0,10,6,0,3
269,295.5,5.6014,16,16,0,10,6,0,4
270,276.1,4.9903,18,18,0,10,7,1,4
271,219.14,3.3333e-14,16,14,1,8,7,0,4
272,241.47,5.7186,16,16,0,8,8,0,3
273,203.47,5.6594,16,16,0,8,7,1,3
274,242.22,6.7792,14,14,0,4,10,0,0
275,137.31,3.3333e-14,16,14,1,4,11,0,2
276,205.88,3.3333e-14,16,14,1,6,9,0,3
277,278.89,5.0363,18,18,0,8,8,2,4
278,182.74,2.5e-14,14,12,1,0,13,0,2
279,385.07,5.6593,16,16,0,8,7,1,4
280,247.43,3.3333e-14,16,14,1,2,13,0,3
281,455.79,6.7792,14,14,0,4,10,0,1
282,192.53,5.4889,16,16,0,12,4,0,3
283,119.54,5.0832,18,18,0,8,9,1,3
284,193.67,3.3333e-14,16,14,1,4,11,0,2
285,319.21,2.5e-14,16,14,1,6,9,0,3
286,200.27,5.6595,16,16,0,8,7,1,3
287,206.16,6.779,14,14,0,4,10,0,1
288,143.17,5.6014,16,16,0,10,6,0,3
289,157.92,3.3333e-14,16,14,1,6,9,0,4
290,278.45,5.8411,16,16,0,6,10,0,2
291,110.05,5.7188,16,16,0,8,8,0,2
292,292.92,2.5e-14,16,14,1,4,11,0,3
293,192.99,5.7186,16,16,0,8,8,0,3
294,262.07,6.7792,14,14,0,4,10,0,1
295,229.44,5.841,16,16,0,6,10,0,2
296,258.04,5.6014,16,16,0,10,6,0,3
297,157.72,4.9008,18,18,0,12,5,1,5
298,154.35,3.3333e-14,14,12,1,0,13,0,1
299,188,8.3333e-15,18,16,1,5,10,2,4
300,156.84,4.4628,20,20,0,12,7,1,3
301,131.12,9.0909e-15,16,14,1,5,9,1,3
302,192.64,5e-14,16,14,1,4,11,0,3
303,266.36,6.6149,14,14,0,6,8,0,1
304,191.75,5.4889,16,16,0,12,4,0,4
305,228.13,5.7793,16,16,0,6,9,1,2
306,249.67,6.779,14,14,0,4,10,0,1
307,292.75,5.6013,16,16,0,10,6,0,3
308,288.32,6.7792,14,14,0,4,10,0,0
309,221.14,9.0909e-15,16,14,1,5,9,1,2
310,195.39,5.0364,18,18,0,10,8,0,3
311,193.6,5.7187,16,16,0,8,8,0,3
312,350.3,6.779,14,14,0,4,10,0,1
313,159.13,2.5e-14,18,16,1,6,11,0,4
314,312.8,5.841,16,16,0,6,10,0,3
315,183.14,5.7791,16,16,0,6,9,1,3
316,276.67,5.6013,16,16,0,10,6,0,3
317,177.57,6.7792,14,14,0,4,10,0,0
318,190.76,4.8573,18,18,0,14,4,0,5
319,273.23,5.6014,16,16,0,10,6,0,4
320,238.98,2.5e-14,16,12,2,2,12,0,3
321,307.4,5.6014,16,16,0,10,6,0,2
322,169.03,6.7792,14,14,0,4,10,0,1
323,231.15,5.0364,18,18,0,10,8,0,4
324,284.48,6.9516,14,14,0,2,12,0,1
325,195.08,5.7186,16,16,0,8,8,0,3
326,222.48,6.7792,14,14,0,4,10,0,0
327,204.56,6.779,14,14,0,4,10,0,1
328,328.4,3.3333e-14,16,14,1,6,9,0,2
329,323.01,5.7186,16,16,0,8,8,0,3
330,171.28,5e-14,18,16,1,10,6,1,6
331,252.36,6.9516,14,14,0,2,12,0,1
332,322.88,5.6013,16,16,0,10,6,0,4
333,193.76,6.9517,14,14,0,2,12,0,0
334,283.84,5.0364,18,18,0,8,8,2,3
335,222.17,6.779,14,14,0,4,10,0,1
336,171.07,3.3333e-14,16,14,1,8,7,0,4
337,282.88,6.779,14,14,0,4,10,0,1
338,182.43,3.3333e-14,16,14,1,2,13,0,2
339,196.46,5.7187,16,16,0,8,8,0,2
340,291.76,3.3333e-14,16,14,1,4,11,0,4
341,353.18,5.6595,16,16,0,8,7,1,3
342,126.85,2.5e-14,16,14,1,4,11,0,2
343,214.09,3.3333e-14,18,16,1,10,7,0,5
344,224.19,5.7186,16,16,0,8,8,0,3
345,252.5,6.7792,14,14,0,4,10,0,1
346,217.04,5.6015,16,16,0,10,6,0,3
347,214.56,5.1309,18,18,0,8,10,0,3
348,199.76,6.779,14,14,0,4,10,0,1
349,258.54,2.5e-14,18,16,1,8,9,0,5
350,217.59,5.841,16,16,0,6,10,0,3
351,178.47,2.5e-14,16,14,1,6,9,0,3
352,463.01,6.779,14,14,0,4,10,0,1
353,266.26,3.3333e-14,14,12,1,0,13,0,1
354,140.63,5.841,16,16,0,6,10,0,3
355,235.24,3.3333e-14,16,14,1,4,11,0,3
356,291.9,8.3333e-15,16,14,1,3,11,1,2
357,323.77,2.5e-14,16,14,1,4,11,0,3
358,183.39,3.3333e-14,18,16,1,8,8,1,4
359,146.98,2.5e-14,18,16,1,10,6,1,5
360,269.32,3.3333e-14,16,14,1,2,12,1,3
361,267.1,5.6014,16,16,0,10,6,0,4
362,210.97,3.3333e-14,16,14,1,6,9,0,3
363,278.67,2.5e-14,18,16,1,6,11,0,3
364,167.99,6.7792,14,14,0,4,10,0,0
365,408.37,3.3333e-14,16,14,1,6,9,0,3
366,190.67,2.5e-14,18,16,1,10,6,1,4
367,179.04,5.6015,16,16,0,10,6,0,2
368,190.66,2.5e-14,16,14,1,8,7,0,3
369,197.02,5.7793,16,16,0,6,9,1,2
370,297.35,6.779,14,14,0,4,10,0,1
371,356.2,5.841,16,16,0,6,10,0,3
372,302.9,6.7789,14,14,0,4,10,0,2
373,145.19,3.3333e-14,16,14,1,4,11,0,3
374,280.78,2.5e-14,16,14,1,6,9,0,3
375,274.29,5.7187,16,16,0,8,8,0,3
376,159.69,3.3333e-14,18,16,1,4,12,1,4
377,249.35,3.3333e-14,16,14,1,6,9,0,2
378,254.52,3.3333e-14,16,14,1,2,13,0,3
379,259.1,3.3333e-14,16,14,1,6,9,0,2
380,205.07,4.5369,20,20,0,8,9,3,4
381,180.96,5.0832,18,18,0,8,9,1,4
382,262.6,5.7188,16,16,0,8,8,0,3
383,154.76,5.7792,16,16,0,6,9,1,2
384,167.31,4.9009,18,18,0,12,5,1,4
385,232.01,3.3333e-14,16,14,1,6,9,0,2
386,151.69,5.7792,16,16,0,6,9,1,3
387,163.95,5.1309,18,18,0,6,10,2,3
388,203.81,4.9904,18,18,0,10,7,1,4
389,270.55,2.5e-14,16,14,1,4,11,0,4
390,295.78,6.779,14,14,0,4,10,0,1
391,334.73,6.779,14,14,0,4,10,0,1
392,159.76,6.779,14,14,0,4,10,0,1
393,276.01,6.779,14,14,0,4,10,0,1
394,189.23,6.9516,14,14,0,2,12,0,1
395,259.23,5.6014,16,16,0,10,6,0,3
396,237.81,3.3333e-14,16,14,1,2,13,0,3
397,306.02,5.4889,16,16,0,12,4,0,2
398,335.47,5.7187,16,16,0,8,8,0,3
399,245.05,5.7186,16,16,0,8,8,0,4
400,311.16,5.0363,18,18,0,10,8,0,4
401,147.05,6.779,14,14,0,4,10,0,1
402,199.64,5.7186,16,16,0,8,8,0,4
403,186.57,5.7187,16,16,0,8,8,0,3
404,214.67,5.9685,16,16,0,4,12,0,3
405,193.11,5.0832,18,18,0,8,9,1,4
406,184.81,5.7187,16,16,0,8,8,0,3
407,102,5.8408,16,16,0,6,10,0,3
408,261.8,3.3333e-14,16,14,1,8,7,0,4
409,237.31,5.6594,16,16,0,8,7,1,4
410,306.18,5.7792,16,16,0,6,9,1,3
411,269.42,6.9517,14,14,0,2,12,0,0
412,235.82,3.3333e-14,18,16,1,6,10,1,4
413,247.09,3.3333e-14,16,14,1,6,9,0,4
414,229.88,6.6149,14,14,0,6,8,0,1
415,219.19,3.3333e-14,16,14,1,8,7,0,3
416,306.67,5.904,16,16,0,4,11,1,2
417,209.95,3.3333e-14,16,14,1,6,9,0,4
418,232.19,4.9902,18,18,0,10,7,1,5
419,243.99,2.5e-14,18,16,1,8,8,1,6
420,352.62,5.841,16,16,0,6,10,0,2
421,320.95,5.841,16,16,0,6,10,0,2
422,368.6,6.0345,16,16,0,2,13,1,2
423,164.44,4.9905,18,18,0,10,7,1,4
424,148.76,6.6149,14,14,0,6,8,0,1
425,302.9,6.7792,14,14,0,4,10,0,1
426,317.51,2.5e-14,16,14,1,2,13,0,2
427,238.44,5.841,16,16,0,6,10,0,2
428,253.54,5.0832,18,18,0,8,9,1,3
429,260.26,6.7789,14,14,0,4,10,0,2
430,134,3.3333e-14,18,14,2,8,8,0,5
431,140.62,5.7186,16,16,0,8,8,0,4
432,211.29,6.779,14,14,0,4,10,0,1
433,159.76,2.5e-14,16,14,1,4,11,0,3
434,140.73,3.3333e-14,18,16,1,6,10,1,3
435,306.74,6.779,14,14,0,4,10,0,2
436,195.61,5.7187,16,16,0,8,8,0,3
437,214.32,5.0832,18,18,0,8,9,1,3
438,345.78,6.779,14,14,0,4,10,0,1
439,357.87,3.3333e-14,18,16,1,6,10,1,4
440,166,5.7186,16,16,0,8,8,0,3
441,225.38,6.7792,14,14,0,4,10,0,0
442,224.83,6.779,14,14,0,4,10,0,2
443,151.38,6.779,14,14,0,4,10,0,1
444,285.99,5.841,16,16,0,6,10,0,2
445,207.5,2.5e-14,18,16,1,6,11,0,3
446,162.84,3.3333e-14,16,14,1,4,11,0,4
447,190.71,2.5e-14,16,14,1,6,9,0,4
448,266.55,4.9452,18,18,0,10,6,2,4
449,245.17,7.1331,14,14,0,0,14,0,1
450,215.12,5.7187,16,16,0,8,8,0,3
451,195.33,2.5e-14,16,14,1,4,11,0,2
452,280.58,5.841,16,16,0,6,10,0,3
453,281.61,5e-14,16,14,1,8,7,0,4
454,117.56,2.5e-14,18,16,1,6,10,1,4
455,257.6,5.0832,18,18,0,8,9,1,4
456,191.76,5.7187,16,16,0,8,8,0,2
457,183.08,5.4889,16,16,0,12,4,0,4
458,224.94,6.779,14,14,0,4,10,0,1
459,259.18,5.9041,16,16,0,4,11,1,3
460,216.25,3.3333e-14,16,14,1,4,11,0,1
461,155.34,3.3333e-14,16,14,1,8,7,0,4
462,221.82,3.3333e-14,16,14,1,6,9,0,3
463,220.77,3.3333e-14,16,14,1,4,11,0,3
464,241.34,9.0909e-15,16,14,1,3,11,1,3
465,169.49,6.7792,14,14,0,4,10,0,1
466,406.88,3.3333e-14,16,14,1,6,9,0,4
467,156.11,5.6015,16,16,0,10,6,0,2
468,225.97,4.9905,18,18,0,10,7,1,3
469,253.49,2e-14,16,14,1,4,11,0,1
470,186.91,5.7186,16,16,0,8,8,0,4
471,255.22,6.9516,14,14,0,2,12,0,1
472,144.83,6.779,14,14,0,4,10,0,1
473,155.6,5.9686,16,16,0,4,12,0,2
474,188.95,3.3333e-14,16,14,1,6,9,0,3
475,217.31,3.3333e-14,16,14,1,6,9,0,3
476,172.85,6.779,14,14,0,4,10,0,2
477,245.34,3.3333e-14,16,14,1,4,11,0,2
478,240.77,4.9009,18,18,0,12,5,1,3
479,216.86,5.6014,16,16,0,10,6,0,3
480,255.4,3.3333e-14,16,14,1,6,9,0,4
481,208.24,5.841,16,16,0,6,10,0,2
482,226.54,5.7188,16,16,0,8,8,0,3
483,302.27,5.7186,16,16,0,8,8,0,4
484,281.11,5.6013,16,16,0,10,6,0,3
485,231.64,5.841,16,16,0,6,10,0,3
486,186.53,5.6015,16,16,0,10,6,0,2
487,263.56,3.3333e-14,18,16,1,8,9,0,3
488,246.23,4.9904,18,18,0,10,7,1,4
489,206.49,2.5e-14,16,14,1,6,9,0,3
490,238.57,6.9516,14,14,0,2,12,0,1
491,280.53,3.3333e-14,18,16,1,8,8,1,4
492,304.31,6.779,14,14,0,4,10,0,1
493,245.15,5.1311,18,18,0,8,10,0,1
494,187.02,6.779,14,14,0,4,10,0,1
495,312.03,2.5e-14,18,16,1,6,10,1,5
496,272.96,5.6014,16,16,0,10,6,0,3
497,259.44,5.6015,16,16,0,10,6,0,2
498,170,5.6015,16,16,0,10,6,0,3
499,167.08,5.6594,16,16,0,8,7,1,3
500,235.6,5.7186,16,16,0,8,8,0,3
501,189.8,5.4889,16,16,0,12,4,0,3
502,285.72,5.0365,18,18,0,8,8,2,2
503,151.77,5.0364,18,18,0,8,8,2,4
504,236.11,2.5e-14,16,14,1,6,9,0,4
505,240.15,5.8411,16,16,0,6,10,0,2
506,270.31,5.6593,16,16,0,8,7,1,4
507,168.87,5e-14,16,14,1,6,9,0,4
508,363.9,5.0833,18,18,0,8,9,1,4
509,270.15,4.9903,18,18,0,10,7,1,4
510,257.39,8.3333e-15,18,16,1,5,10,2,3
511,245.48,2.5e-14,16,14,1,4,11,0,3
512,226.88,4.9903,18,18,0,10,7,1,5
513,195.48,3.3333e-14,18,16,1,8,8,1,4
514,284.6,5e-14,18,16,1,8,9,0,5
515,246.25,5e-14,16,14,1,10,5,0,4
516,219.84,5.7188,16,16,0,8,8,0,2
517,168.05,2.5e-14,16,14,1,6,9,0,3
518,250.04,5.7792,16,16,0,6,9,1,3
519,218.72,3.3333e-14,16,14,1,6,9,0,3
520,202.01,5e-14,16,14,1,8,7,0,4
521,213.22,2.5e-14,16,14,1,6,9,0,3
522,276.85,4.9904,18,18,0,10,7,1,4
523,238.1,5.4889,16,16,0,12,4,0,4
524,160.57,2e-14,20,18,1,6,11,2,4
525,175.66,5.904,16,16,0,4,11,1,3
526,179.03,2.5e-14,14,12,1,0,13,0,1
527,379.66,6.779,14,14,0,4,10,0,1
528,285.04,3.3333e-14,16,14,1,2,12,1,3
529,204.54,5.6015,16,16,0,10,6,0,3
530,168.22,5.8409,16,16,0,6,10,0,3
531,212.25,3.3333e-14,18,16,1,4,12,1,3
532,165.21,4.9903,18,18,0,10,7,1,5
533,331.73,5.6594,16,16,0,8,7,1,3
534,217.31,3.3333e-14,16,14,1,6,9,0,3
535,151.31,6.9516,14,14,0,2,12,0,1
536,172.56,6.9516,14,14,0,2,12,0,1
537,288.01,5.7186,16,16,0,8,8,0,4
538,159.24,5.7187,16,16,0,8,8,0,3
539,184.93,3.3333e-14,18,16,1,10,7,0,4
540,326.42,5.841,16,16,0,6,10,0,3
541,274.03,4.9008,18,18,0,12,5,1,5
542,211.89,5.7793,16,16,0,6,9,1,0
543,215.02,5.841,16,16,0,6,10,0,2
544,219.71,6.9516,14,14,0,2,12,0,1
545,176.22,3.3333e-14,16,14,1,4,11,0,3
546,253.36,3.3333e-14,16,14,1,4,11,0,2
547,173.26,2.5e-14,18,16,1,6,11,0,4
548,203.01,5.841,16,16,0,6,10,0,3
549,196.53,8.3333e-15,18,16,1,9,7,1,5
550,198.56,3.3333e-14,16,14,1,6,9,0,3
551,222.51,3.3333e-14,16,14,1,8,7,0,3
552,371.46,6.7789,14,14,0,4,10,0,2
553,190.79,8.3333e-15,18,16,1,9,7,1,4
554,174.61,5.2291,18,18,0,6,12,0,4
555,257.08,6.6149,14,14,0,6,8,0,1
556,217.66,3.3333e-14,18,16,1,8,9,0,4
557,172.85,5.6595,16,16,0,8,7,1,3
558,285.7,3.3333e-14,16,14,1,6,9,0,3
559,260.27,3.3333e-14,16,14,1,8,7,0,3
560,199.16,2.5e-14,16,14,1,6,9,0,4
561,199.18,2.5e-14,18,16,1,6,10,1,3
562,335.29,5.9041,16,16,0,4,11,1,3
563,176.6,5.7187,16,16,0,8,8,0,3
564,235.44,6.9515,14,14,0,2,12,0,1
565,218.7,5e-14,16,14,1,2,13,0,3
566,200.51,2.5e-14,16,14,1,6,9,0,3
567,291.86,5.6595,16,16,0,8,7,1,3
568,214.27,5.0365,18,18,0,10,8,0,2
569,177.96,6.6149,14,14,0,6,8,0,0
570,142.78,5.6015,16,16,0,10,6,0,4
571,367.39,5.6014,16,16,0,10,6,0,3
572,111.85,5.8409,16,16,0,6,10,0,2
573,167.9,6.779,14,14,0,4,10,0,1
574,234.73,3.3333e-14,18,16,1,8,9,0,4
575,223.59,6.779,14,14,0,4,10,0,1
576,206.37,5.6015,16,16,0,10,6,0,2
577,155.9,2.5e-14,16,12,2,2,12,0,3
578,283.09,5.904,16,16,0,4,11,1,3
579,209.53,5.841,16,16,0,6,10,0,3
580,350.05,3.3333e-14,16,14,1,4,11,0,3
581,156.66,3.3333e-14,16,14,1,6,9,0,3
582,292.42,2.5e-14,16,14,1,4,10,1,3
583,253.35,5e-14,16,14,1,6,9,0,3
584,165.51,5.7791,16,16,0,6,9,1,3
585,192.86,5.9685,16,16,0,4,12,0,3
586,295.9,5.7186,16,16,0,8,8,0,2
587,231.75,5.6595,16,16,0,8,7,1,3
588,301.9,5.7187,16,16,0,8,8,0,2
589,177.98,5.6595,16,16,0,8,7,1,2
590,218.55,3.3333e-14,16,14,1,4,11,0,2
591,155.63,2.5e-14,16,14,1,6,9,0,3
592,156.63,3.3333e-14,16,14,1,6,9,0,2
593,204.82,6.9516,14,14,0,2,12,0,1
594,196.95,5.9684,16,16,0,4,12,0,4
595,158.21,5.7186,16,16,0,8,8,0,3
596,349.13,5.7187,16,16,0,8,8,0,3
597,297.04,7.6923e-15,20,18,1,9,7,3,5
598,297.09,6.779,14,14,0,4,10,0,1
599,255,3.3333e-14,16,14,1,6,9,0,3
600,153.37,5.6015,16,16,0,10,6,0,3
601,207.77,5.7792,16,16,0,6,9,1,1
602,235.12,5.7792,16,16,0,6,9,1,3
603,219.31,5.7792,16,16,0,6,9,1,3
604,150.72,5.7793,16,16,0,6,9,1,2
605,231.66,5.7187,16,16,0,8,8,0,3
606,333.09,3.3333e-14,18,14,2,6,10,0,5
607,212.57,4.9453,18,18,0,12,6,0,3
608,188.17,5.8411,16,16,0,6,10,0,2
609,273.19,5.6015,16,16,0,10,6,0,3
610,210.65,5.7188,16,16,0,8,8,0,2
611,229.94,5.841,16,16,0,6,10,0,2
612,251.16,5.6014,16,16,0,10,6,0,4
613,195.57,3.3333e-14,16,14,1,6,9,0,2
614,273.84,4.5748,20,20,0,8,10,2,5
615,153.97,5.0831,18,18,0,8,9,1,4
616,215.97,3.3333e-14,16,14,1,6,9,0,3
617,240.26,6.6149,14,14,0,6,8,0,1
618,248.56,6.779,14,14,0,4,10,0,1
619,118.17,5.7792,16,16,0,6,9,1,3
620,167.33,3.3333e-14,16,14,1,4,11,0,2
621,396.07,3.3333e-14,16,14,1,6,9,0,3
622,238.6,6.9517,14,14,0,2,12,0,0
623,305.22,2.5e-14,18,16,1,8,9,0,4
624,182.42,5e-14,18,16,1,10,7,0,6
625,230.61,5e-14,16,14,1,6,9,0,3
626,226.99,5.841,16,16,0,6,10,0,2
627,183.73,5.6595,16,16,0,8,7,1,3
628,183.38,3.3333e-14,16,14,1,6,9,0,3
629,204.99,5.6593,16,16,0,8,7,1,4
630,125.5,6.7789,14,14,0,4,10,0,2
631,274.95,5.7792,16,16,0,6,9,1,2
632,252.26,5.6014,16,16,0,10,6,0,4
633,229.75,6.9516,14,14,0,2,12,0,1
634,364.63,5.7186,16,16,0,8,8,0,3
635,196.98,5.7188,16,16,0,8,8,0,2
636,340.97,3.3333e-14,16,14,1,4,11,0,4
637,285.98,2.5e-14,16,14,1,8,7,0,3
638,179.99,6.9516,14,14,0,2,12,0,1
639,294.74,6.9516,14,14,0,2,12,0,1
640,166.14,5.6013,16,16,0,10,6,0,3
641,314.84,5.904,16,16,0,4,11,1,3
642,240.22,5.6595,16,16,0,8,7,1,3
643,199.14,5.6014,16,16,0,10,6,0,3
644,151.03,5.4889,16,16,0,12,4,0,3
645,260.35,8.3333e-15,18,16,1,7,9,1,2
646,162.89,5.841,16,16,0,6,10,0,3
647,250.35,5e-14,16,14,1,6,9,0,3
648,235.13,3.3333e-14,16,14,1,8,7,0,3
649,173.87,5.7187,16,16,0,8,8,0,3
650,171.21,3.3333e-14,16,14,1,2,13,0,3
651,184.69,5.0834,18,18,0,8,9,1,3
652,176.72,5.6014,16,16,0,10,6,0,3
653,295.78,6.7792,14,14,0,4,10,0,0
654,213.05,5.4889,16,16,0,12,4,0,3
655,239.87,6.7792,14,14,0,4,10,0,0
656,179.93,2.5e-14,16,14,1,6,9,0,3
657,139.61,4.9903,18,18,0,10,7,1,5
658,157.43,5.6594,16,16,0,8,7,1,2
659,259.29,9.0909e-15,18,16,1,9,7,1,5
660,280.23,5.1309,18,18,0,8,10,0,4
661,217.47,5.7792,16,16,0,6,9,1,2
662,157.77,5.9686,16,16,0,4,12,0,2
663,179.76,6.779,14,14,0,4,10,0,1
664,343.37,2.5e-14,14,12,1,0,13,0,2
665,140.04,3.3333e-14,16,14,1,8,7,0,4
666,334.16,5e-14,18,16,1,6,11,0,4
667,122.94,3.3333e-14,16,14,1,6,9,0,3
668,213.9,3.3333e-14,16,14,1,4,11,0,3
669,272.43,5.6013,16,16,0,10,6,0,3
670,208.11,5.841,16,16,0,6,10,0,2
671,170.78,2.5e-14,18,14,2,6,10,0,4
672,315.21,5.0364,18,18,0,10,8,0,3
673,190.12,3.3333e-14,16,14,1,2,12,1,2
674,168.76,3.3333e-14,16,14,1,6,9,0,3
675,186.07,6.9516,14,14,0,2,12,0,1
676,148.23,3.3333e-14,16,14,1,6,9,0,2
677,192.65,5.9039,16,16,0,4,11,1,3
678,234.54,2.5e-14,16,14,1,4,11,0,2
679,274.9,5e-14,16,14,1,6,9,0,3
680,251.07,5.6595,16,16,0,8,7,1,3
681,178.4,5.7793,16,16,0,6,9,1,2
682,194.96,5e-14,18,14,2,6,10,0,4
683,308.64,5.9041,16,16,0,4,11,1,2
684,215.86,6.779,14,14,0,4,10,0,1
685,242.38,4.9904,18,18,0,10,7,1,3
686,222.63,6.9516,14,14,0,2,12,0,1
687,193.42,2.5e-14,16,14,1,4,11,0,2
688,214.07,5.7187,16,16,0,8,8,0,4
689,177.68,3.3333e-14,16,14,1,4,11,0,2
690,184.14,5.841,16,16,0,6,10,0,2
691,182.89,7.6923e-15,18,16,1,7,9,1,3
692,264.91,6.7789,14,14,0,4,10,0,2
693,275.77,5.7792,16,16,0,6,9,1,3
694,206.69,5.7186,16,16,0,8,8,0,4
695,151.53,8.3333e-15,18,16,1,7,9,1,5
696,171.57,3.3333e-14,16,14,1,8,7,0,4
697,194.67,6.9517,14,14,0,2,12,0,0
698,190.48,5.7792,16,16,0,6,9,1,3
699,308.33,3.3333e-14,16,14,1,6,9,0,4
700,154.58,5.6015,16,16,0,10,6,0,3
701,203.5,5.9039,16,16,0,4,11,1,3
702,128.61,5.7792,16,16,0,6,9,1,2
703,259.02,5.6594,16,16,0,8,7,1,2
704,156.38,3.3333e-14,18,16,1,6,10,1,4
705,174.7,4.9903,18,18,0,10,7,1,4
706,170.07,5.7186,16,16,0,8,8,0,3
707,132.89,6.7792,14,14,0,4,10,0,1
708,225.78,8.3333e-15,18,16,1,9,7,1,5
709,305.64,3.3333e-14,16,14,1,2,13,0,3
710,256.06,5.7187,16,16,0,8,8,0,3
711,185.17,5.7188,16,16,0,8,8,0,1
712,254.49,2.5e-14,16,12,2,4,10,0,2
713,154.28,6.779,14,14,0,4,10,0,1
714,225.68,5.0832,18,18,0,8,9,1,5
715,287.51,5.6014,16,16,0,10,6,0,4
716,298.97,2.5e-14,18,16,1,8,9,0,5
717,269.51,5.7188,16,16,0,8,8,0,1
718,184.56,2.5e-14,16,14,1,4,11,0,1
719,201.84,5.7187,16,16,0,8,8,0,3
720,257.33,5.6594,16,16,0,8,7,1,4
721,202.04,6.779,14,14,0,4,10,0,1
722,190.1,6.9516,14,14,0,2,12,0,1
723,212.71,5.6013,16,16,0,10,6,0,4
724,223.73,5.7792,16,16,0,6,9,1,2
725,141.1,5e-14,16,14,1,6,9,0,3
726,295.91,3.3333e-14,18,16,1,10,7,0,4
727,226.85,5e-14,16,14,1,6,9,0,3
728,187.12,9.0909e-15,18,16,1,11,5,1,6
729,128.01,2.5e-14,14,12,1,0,13,0,1
730,216.21,3.3333e-14,16,14,1,6,9,0,3
731,134.5,6.9516,14,14,0,2,12,0,1
732,336.38,3.3333e-14,16,14,1,4,11,0,2
733,165.14,5.7791,16,16,0,6,9,1,4
734,262.02,2.5e-14,16,14,1,4,10,1,3
735,320,5e-14,16,14,1,6,9,0,4
736,291.89,5.8409,16,16,0,6,10,0,3
737,248.81,5.841,16,16,0,6,10,0,2
738,167.04,5.7186,16,16,0,8,8,0,3
739,169.28,3.3333e-14,18,16,1,6,10,1,5
740,294.43,6.7789,14,14,0,4,10,0,2
741,153.52,2e-14,16,12,2,2,12,0,3
742,376.52,6.779,14,14,0,4,10,0,1
743,245.25,5.7187,16,16,0,8,8,0,2
744,167.41,5.6014,16,16,0,10,6,0,3
745,334.85,4.9009,18,18,0,12,5,1,5
746,180.01,6.779,14,14,0,4,10,0,1
747,159.2,6.9516,14,14,0,2,12,0,1
748,237.31,8.3333e-15,18,16,1,5,10,2,4
749,232.26,3.3333e-14,16,14,1,4,11,0,2
750,272.51,6.779,14,14,0,4,10,0,1
751,287.58,3.3333e-14,16,14,1,6,9,0,3
752,250.66,5.7792,16,16,0,6,9,1,2
753,263.21,5.7792,16,16,0,6,9,1,3
754,207.64,5.904,16,16,0,4,11,1,3
755,225.77,6.7789,14,14,0,4,10,0,2
756,264.52,3.3333e-14,18,16,1,8,8,1,4
757,246.5,3.3333e-14,18,16,1,8,8,1,4
758,183.86,5.7187,16,16,0,8,8,0,3
759,128.77,6.7789,14,14,0,4,10,0,2
760,159.03,5.7792,16,16,0,6,9,1,2
761,258.24,2.5e-14,18,16,1,6,10,1,4
762,290.81,5.7187,16,16,0,8,8,0,3
763,130.88,4.9453,18,18,0,10,6,2,3
764,211.71,3.3333e-14,18,16,1,6,11,0,5
765,312.27,3.3333e-14,16,14,1,6,9,0,3
766,225.48,5.7186,16,16,0,8,8,0,3
767,172.6,5.7186,16,16,0,8,8,0,2
768,136.98,5.7186,16,16,0,8,8,0,4
769,222.22,5.8409,16,16,0,6,10,0,3
770,124.6,2.5e-14,18,16,1,8,8,1,3
771,271.57,3.3333e-14,18,16,1,6,11,0,4
772,110.55,5.7187,16,16,0,8,8,0,3
773,237.27,3.3333e-14,16,14,1,6,9,0,2
774,178.73,6.779,14,14,0,4,10,0,1
775,309.71,5e-14,16,14,1,2,13,0,3
776,215.78,6.779,14,14,0,4,10,0,1
777,278.32,2.5e-14,16,14,1,4,11,0,2
778,242.64,5.841,16,16,0,6,10,0,2
779,217.37,5.7187,16,16,0,8,8,0,2
780,175.52,6.9516,14,14,0,2,12,0,1
781,229.11,2.5e-14,16,14,1,8,7,0,4
782,181.62,5e-14,16,14,1,6,9,0,3
783,262.95,3.3333e-14,16,14,1,4,11,0,3
784,273.27,5.6594,16,16,0,8,7,1,3
785,290.38,4.9452,18,18,0,12,6,0,5
786,157.57,5.7187,16,16,0,8,8,0,2
787,205.7,5.7186,16,16,0,8,8,0,3
788,204.01,5e-14,16,14,1,2,13,0,2
789,292.63,3.3333e-14,16,14,1,2,13,0,3
790,199.02,2.5e-14,16,14,1,6,9,0,4
791,150.68,2.5e-14,16,14,1,6,9,0,3
792,148.42,3.3333e-14,18,16,1,8,9,0,4
793,282.15,5.7186,16,16,0,8,8,0,3
794,159.21,5.7792,16,16,0,6,9,1,3
795,151.39,6.779,14,14,0,4,10,0,1
796,274.64,5.8408,16,16,0,6,10,0,4
797,225.34,5.6014,16,16,0,10,6,0,3
798,318.59,5.7792,16,16,0,6,9,1,1
799,279.54,5.841,16,16,0,6,10,0,2
800,229.08,4.9903,18,18,0,10,7,1,5
801,187.92,3.3333e-14,16,14,1,6,9,0,3
802,209.34,2.5e-14,18,16,1,6,9,2,3
803,304.83,6.9516,14,14,0,2,12,0,1
804,303.77,6.9516,14,14,0,2,12,0,1
805,250.2,6.7789,14,14,0,4,10,0,2
806,153.99,5.9041,16,16,0,4,11,1,3
807,210.95,3.3333e-14,16,14,1,6,9,0,3
808,191.43,5e-14,18,16,1,14,3,0,7
809,254.57,2.5e-14,16,14,1,4,11,0,3
810,335.24,2.5e-14,16,14,1,6,9,0,2
811,240.96,5e-14,16,14,1,6,9,0,4
812,192.38,7.6923e-15,18,16,1,9,7,1,4
813,225.53,5.6014,16,16,0,10,6,0,3
814,202.57,5.7792,16,16,0,6,9,1,3
815,217.78,3.3333e-14,18,16,1,10,6,1,6
816,243.65,6.779,14,14,0,4,10,0,1
817,217.96,3.3333e-14,16,14,1,6,9,0,3
818,211.5,5.7186,16,16,0,8,8,0,4
819,162.77,5.6595,16,16,0,8,7,1,3
820,184.43,6.9515,14,14,0,2,12,0,1
821,267.59,5.7188,16,16,0,8,8,0,3
822,311.13,8.3333e-15,18,16,1,7,9,1,3
823,259.12,5.841,16,16,0,6,10,0,2
824,195.01,5.7792,16,16,0,6,9,1,3
825,227.63,5.6015,16,16,0,10,6,0,3
826,244.91,6.779,14,14,0,4,10,0,1
827,267.5,5.7186,16,16,0,8,8,0,4
828,262.71,3.3333e-14,18,16,1,8,9,0,4
829,219.32,5.0833,18,18,0,8,9,1,3
830,150.83,3.3333e-14,16,14,1,6,9,0,2
831,299.1,5e-14,18,16,1,6,9,2,4
832,246.75,3.3333e-14,16,14,1,2,13,0,2
833,256.13,5.7186,16,16,0,8,8,0,3
834,248.52,5.0832,18,18,0,8,9,1,3
835,225.81,6.7792,14,14,0,4,10,0,1
836,180.42,5.7186,16,16,0,8,8,0,3
837,372.54,2.5e-14,16,14,1,4,11,0,2
838,272.1,5.7187,16,16,0,8,8,0,2
839,311.73,3.3333e-14,16,14,1,4,11,0,3
840,223.56,6.779,14,14,0,4,10,0,1
841,121.36,6.7789,14,14,0,4,10,0,2
842,294.6,6.7789,14,14,0,4,10,0,2
843,181.18,6.7792,14,14,0,4,10,0,0
844,142.03,5.841,16,16,0,6,10,0,2
845,190.16,5.6014,16,16,0,10,6,0,4
846,149.89,5.7186,16,16,0,8,8,0,3
847,207.73,5.7792,16,16,0,6,9,1,3
848,203.42,3.3333e-14,16,14,1,4,11,0,3
849,166.36,6.6149,14,14,0,6,8,0,1
850,196.15,5.7792,16,16,0,6,9,1,3
851,289.37,4.9904,18,18,0,10,7,1,4
852,220.86,4.9903,18,18,0,8,7,3,4
853,212.9,5.6014,16,16,0,10,6,0,3
854,224.72,5.7187,16,16,0,8,8,0,3
855,293.46,5.7186,16,16,0,8,8,0,3
856,197.16,5.841,16,16,0,6,10,0,2
857,221.72,7.1331,14,14,0,0,14,0,1
858,268.4,5.9686,16,16,0,4,12,0,2
859,309.22,5.7792,16,16,0,6,9,1,2
860,294.17,5.7187,16,16,0,8,8,0,2
861,218.38,2.5e-14,16,12,2,2,12,0,3
862,131.3,5.0833,18,18,0,8,9,1,3
863,151.36,5.7793,16,16,0,6,9,1,1
864,123.23,5.841,16,16,0,6,10,0,3
865,297.63,6.779,14,14,0,4,10,0,1
866,199.38,5.7186,16,16,0,8,8,0,3
867,366.34,5.7792,16,16,0,6,9,1,3
868,306.4,3.3333e-14,16,14,1,4,11,0,4
869,232.22,6.779,14,14,0,4,10,0,1
870,213.34,5.6015,16,16,0,10,6,0,1
871,239.6,3.3333e-14,16,14,1,2,13,0,2
872,177.53,6.9517,14,14,0,2,12,0,0
873,211.35,5.7187,16,16,0,8,8,0,2
874,215.02,3.3333e-14,16,14,1,6,9,0,3
875,331.75,2e-14,16,14,1,4,11,0,2
876,244.71,5.8408,16,16,0,6,10,0,3
877,130.37,5.841,16,16,0,6,10,0,3
878,244.21,5e-14,16,14,1,4,11,0,4
879,241.85,5.4889,16,16,0,12,4,0,3
880,176.47,5.6015,16,16,0,10,6,0,2
881,154.31,5.0364,18,18,0,10,8,0,4
882,291.93,6.7789,14,14,0,4,10,0,2
883,218.68,5.7792,16,16,0,6,9,1,2
884,221.93,6.9516,14,14,0,2,12,0,1
885,283.27,6.779,14,14,0,4,10,0,1
886,320.53,4.9904,18,18,0,10,7,1,5
887,261.26,5.8409,16,16,0,6,10,0,2
888,273.38,5.0364,18,18,0,8,8,2,4
889,207.16,6.779,14,14,0,4,10,0,1
890,187.59,6.779,14,14,0,4,10,0,1
891,230.01,3.3333e-14,16,14,1,4,11,0,2
892,209.92,6.779,14,14,0,4,10,0,1
893,222.05,5.7186,16,16,0,8,8,0,4
894,271.78,5.8409,16,16,0,6,10,0,4
895,315.89,5.7793,16,16,0,6,9,1,1
896,175.62,5.9039,16,16,0,4,11,1,3
897,208.03,5.7187,16,16,0,8,8,0,3
898,294.51,5.7792,16,16,0,6,9,1,2
899,282.91,5.6594,16,16,0,8,7,1,2
900,302.94,6.6149,14,14,0,6,8,0,0
901,268.45,6.7789,14,14,0,4,10,0,2
902,268.77,6.7789,14,14,0,4,10,0,2
903,220.07,2.5e-14,16,14,1,2,13,0,2
904,167.24,3.3333e-14,16,14,1,6,9,0,3
905,212.46,6.7789,14,14,0,4,10,0,2
906,285.89,3.3333e-14,16,14,1,4,11,0,2
907,162.52,7.6923e-15,18,16,1,7,9,1,4
908,225.95,6.9516,14,14,0,2,12,0,1
909,307.63,5.7186,16,16,0,8,8,0,3
910,157.47,5.6593,16,16,0,8,7,1,3
911,173.18,5.7188,16,16,0,8,8,0,2
912,169.25,5.7187,16,16,0,8,8,0,3
913,268.82,4.9452,18,18,0,10,6,2,4
914,306.14,5.6013,16,16,0,10,6,0,3
915,222.76,5.904,16,16,0,4,11,1,3
916,159.72,5.841,16,16,0,6,10,0,3
917,194.74,5.6594,16,16,0,8,7,1,3
918,308.5,3.3333e-14,16,14,1,4,11,0,2
919,267.48,5.7186,16,16,0,8,8,0,4
920,188.35,5.6014,16,16,0,10,6,0,4
921,207.9,5.9042,16,16,0,4,11,1,2
922,205.05,6.7789,14,14,0,4,10,0,2
923,288.83,5.7793,16,16,0,6,9,1,1
924,224.05,6.779,14,14,0,4,10,0,1
925,217.91,2.5e-14,18,14,2,6,10,0,5
926,136.77,9.0909e-15,20,18,1,9,9,1,4
927,175.34,5e-14,16,14,1,8,7,0,4
928,124.93,3.3333e-14,16,14,1,8,7,0,4
929,85.367,5.6014,16,16,0,10,6,0,3
930,200.56,5.0365,18,18,0,8,8,2,4
931,217.99,5e-14,16,14,1,4,11,0,2
932,264.77,5.6013,16,16,0,10,6,0,4
933,205.19,5.7187,16,16,0,8,8,0,2
934,174.09,6.779,14,14,0,4,10,0,1
935,245.02,6.9516,14,14,0,2,12,0,1
936,310.69,5.4889,16,16,0,12,4,0,3
937,192.32,3.3333e-14,16,14,1,6,9,0,2
938,178.46,2.5e-14,16,14,1,2,12,1,3
939,151.83,3.3333e-14,16,14,1,2,13,0,2
940,192.76,5.7792,16,16,0,6,9,1,2
941,265.74,6.6149,14,14,0,6,8,0,1
942,187.62,5.7187,16,16,0,8,8,0,3
943,254.25,6.7792,14,14,0,4,10,0,0
1,373.36,5.6594,16,16,0,8,7,1,3
2,208.21,8.3333e-15,16,14,1,5,9,1,3
3,244.22,6.7792,14,14,0,4,10,0,0
4,206.54,4.9008,18,18,0,12,5,1,5
5,172.81,5.8411,16,16,0,6,10,0,1
6,173.07,5.7791,16,16,0,6,9,1,4
7,338.92,6.6149,14,14,0,6,8,0,1
8,238.29,6.6149,14,14,0,6,8,0,1
9,227.49,6.779,14,14,0,4,10,0,1
10,151.79,3.3333e-14,20,18,1,10,7,2,4
11,254.5,3.3333e-14,16,14,1,6,9,0,4
12,236.33,3.3333e-14,22,20,1,6,12,3,5
13,393.01,5e-14,16,14,1,8,7,0,3
14,235.42,3.3333e-14,20,18,1,10,8,1,5
15,242.94,3.3333e-14,16,14,1,2,13,0,3
16,244.78,5.7187,16,16,0,8,8,0,2
17,207.88,5.6014,16,16,0,10,6,0,4
18,263.42,5.7187,16,16,0,8,8,0,3
19,287.91,2.5e-14,20,18,1,6,11,2,3
20,305.08,5.7186,16,16,0,8,8,0,3
21,116.57,5.9042,16,16,0,4,11,1,1
22,428.14,3.3333e-14,18,16,1,6,11,0,3
23,334.82,5.9042,16,16,0,4,11,1,2
24,155.76,1e-13,18,16,1,8,9,0,5
25,165.47,5.7792,16,16,0,6,9,1,3
26,224.95,6.9516,14,14,0,2,12,0,1
27,270.48,2e-14,18,14,2,6,10,0,4
28,201.49,5.6014,16,16,0,10,6,0,3
29,252.99,3.3333e-14,18,16,1,10,7,0,5
30,336.37,6.779,14,14,0,4,10,0,1
31,276.27,6.6149,14,14,0,6,8,0,1
32,193.93,8.3333e-15,18,16,1,9,7,1,5
33,155.83,5e-14,18,16,1,8,9,0,4
34,262.58,6.9515,14,14,0,2,12,0,1
35,210,2.5e-14,18,16,1,6,10,1,3
36,208.77,5.6594,16,16,0,8,7,1,3
37,289.3,5.7187,16,16,0,8,8,0,2
38,345.2,5e-14,18,16,1,10,6,1,6
39,265.86,6.7789,14,14,0,4,10,0,2
40,316.85,6.779,14,14,0,4,10,0,1
41,202.56,3.3333e-14,16,14,1,6,9,0,2
42,155.39,6.7792,14,14,0,4,10,0,1
43,235.95,5.4889,16,16,0,12,4,0,4
44,231.54,6.6149,14,14,0,6,8,0,0
45,206.61,5.6013,16,16,0,10,6,0,3
46,253.55,8.3333e-15,16,14,1,3,11,1,2
47,158.76,6.6149,14,14,0,6,8,0,1
48,291.97,3.3333e-14,16,14,1,6,9,0,3
49,191.09,3.3333e-14,16,14,1,4,10,1,3
50,144.14,5e-14,16,14,1,10,5,0,4
51,266.52,5.7187,16,16,0,8,8,0,2
52,221.6,6.7792,14,14,0,4,10,0,1
53,145.24,5.7188,16,16,0,8,8,0,3
54,202.83,6.779,14,14,0,4,10,0,1
55,262.22,5.7186,16,16,0,8,8,0,4
56,143.61,3.3333e-14,15,16,1,8,8,1,4
57,109.09,3.3333e-14,16,14,1,2,13,0,2
58,263.85,9.0909e-15,18,16,1,5,10,2,4
59,236.87,5.6595,16,16,0,8,7,1,3
60,155.13,5e-14,16,14,1,6,9,0,3
61,240.61,5.7187,16,16,0,8,8,0,3
62,235.25,5e-14,18,16,1,6,9,2,5
63,229.53,5.6014,16,16,0,10,6,0,4
64,200.94,5.6595,16,16,0,8,7,1,2
65,322.42,5.7792,16,16,0,6,9,1,3
66,180.28,2.5e-14,16,14,1,8,7,0,3
67,240,5.8408,16,16,0,6,10,0,4
68,140.01,5.9687,16,16,0,4,12,0,1
69,153.6,5.7793,16,16,0,6,9,1,1
70,122.51,6.6149,14,14,0,6,8,0,1
71,173.37,5.6015,16,16,0,10,6,0,3
72,232.92,2.5e-14,16,14,1,6,9,0,2
73,193.98,2.5e-14,16,14,1,8,7,0,3
74,281.56,5.7186,16,16,0,8,8,0,3
75,307.53,5.6013,16,16,0,10,6,0,4
76,193.99,5.0365,18,18,0,8,8,2,3
77,180.47,5.6015,16,16,0,10,6,0,4
78,232.05,3.3333e-14,18,16,1,2,13,2,3
79,190.76,2.5e-14,16,14,1,6,9,0,3
80,116.13,6.7792,14,14,0,4,10,0,1
81,237.62,8.3333e-15,16,14,1,3,11,1,2
82,205.9,3.3333e-14,16,14,1,6,9,0,3
83,173.59,2.5e-14,14,12,1,0,13,0,2
84,207.79,5.6015,16,16,0,10,6,0,3
85,223.68,6.9517,14,14,0,2,12,0,0
86,204.12,6.779,14,14,0,4,10,0,1
87,144.89,3.3333e-14,16,14,1,4,11,0,3
88,335.44,5.6595,16,16,0,8,7,1,2
89,196.96,5.841,16,16,0,6,10,0,3
90,183.27,5.6594,16,16,0,8,7,1,3
91,332.43,2.5e-14,14,12,1,0,13,0,2
92,168.78,4.9905,18,18,0,10,7,1,4
93,203.85,3.3333e-14,18,16,1,6,10,1,3
94,247.9,4.9903,18,18,0,10,7,1,4
95,225.97,5.8408,16,16,0,6,10,0,4
96,204.66,4.6528,20,20,0,6,12,2,4
97,222.76,3.3333e-14,16,14,1,4,11,0,3
98,246.57,5.7188,16,16,0,8,8,0,2
99,228.97,5.0832,18,18,0,8,9,1,3
100,305.41,5.7187,16,16,0,8,8,0,3
101,167.37,6.6149,14,14,0,6,8,0,0
102,207.73,3.3333e-14,16,14,1,6,9,0,4
103,208.16,5.6595,16,16,0,8,7,1,2
104,337.57,8.3333e-15,18,16,1,7,9,1,4
105,215.82,6.9516,14,14,0,2,12,0,1
106,317.68,5.6594,16,16,0,8,7,1,4
107,197.45,2.5e-14,20,18,1,8,11,0,3
108,137.58,5.7793,16,16,0,6,9,1,3
109,154.12,2.5e-14,16,14,1,2,13,0,4
110,156.75,5e-14,16,14,1,6,9,0,3
111,185.99,5.1797,18,18,0,4,11,3,3
112,197.22,2.5e-14,18,16,1,8,9,0,5
113,250,6.7792,14,14,0,4,10,0,1
114,248.03,5.7187,16,16,0,8,8,0,4
115,240.7,5e-14,16,14,1,6,9,0,3
116,181.99,3.3333e-14,16,14,1,4,11,0,3
117,188.66,5.6014,16,16,0,10,6,0,3
118,256.42,6.779,14,14,0,4,10,0,2
119,211.45,5.7188,16,16,0,8,8,0,2
120,232.83,5.6015,16,16,0,10,6,0,2
121,258.98,6.9516,14,14,0,2,12,0,1
122,266.94,3.3333e-14,16,14,1,4,11,0,3
123,206.47,5.7186,16,16,0,8,8,0,3
124,177.84,5.0362,18,18,0,8,8,2,5
125,196.67,6.6149,14,14,0,6,8,0,0
126,185.11,5.9685,16,16,0,4,12,0,2
127,148.1,5.6014,16,16,0,10,6,0,4
128,193.66,6.7789,14,14,0,4,10,0,2
129,251.17,5.8409,16,16,0,6,10,0,2
130,195.36,5.8409,16,16,0,6,10,0,3
131,270.78,5e-14,16,14,1,6,9,0,2
132,204.85,5.7791,16,16,0,6,9,1,4
133,284.57,4.9008,18,18,0,12,5,1,4
134,247.29,5.6015,16,16,0,10,6,0,3
135,168.17,6.6149,14,14,0,6,8,0,1
136,154.3,3.3333e-14,16,14,1,8,7,0,3
137,249.41,8.3333e-15,16,14,1,3,11,1,2
138,256.29,6.9516,14,14,0,2,12,0,1
139,147.23,6.779,14,14,0,4,10,0,1
140,312.1,3.3333e-14,16,14,1,6,9,0,3
141,323.95,5.841,16,16,0,6,10,0,3
142,222.88,5.6013,16,16,0,10,6,0,4
143,296.28,5.6015,16,16,0,10,6,0,3
144,217.35,6.1021,16,16,0,2,14,0,1
145,247.86,6.7789,14,14,0,4,10,0,2
146,203.41,5.6595,16,16,0,8,7,1,2
147,205.39,3.3333e-14,16,14,1,8,7,0,3
148,143.46,6.779,14,14,0,4,10,0,1
149,215.55,3.3333e-14,16,14,1,4,11,0,3
150,198.24,5.4889,16,16,0,12,4,0,2
151,327.08,5e-14,16,14,1,4,11,0,3
152,211.45,4.9904,18,18,0,10,7,1,4
153,196.39,6.9516,14,14,0,2,12,0,1
154,182.97,5.7186,16,16,0,8,8,0,4
155,278.86,5.841,16,16,0,6,10,0,3
156,269.24,6.9515,14,14,0,2,12,0,1
157,250.91,3.3333e-14,16,14,1,4,11,0,3
158,146.38,6.779,14,14,0,4,10,0,1
159,217.51,8.3333e-15,16,14,1,3,11,1,2
160,238.08,4.9904,18,18,0,10,7,1,4
161,189.97,6.779,14,14,0,4,10,0,1
162,244.33,6.779,14,14,0,4,10,0,1
163,309.21,6.779,14,14,0,4,10,0,1
164,205.6,6.779,14,14,0,4,10,0,1
165,195.05,6.779,14,14,0,4,10,0,1
166,320.5,5.7188,16,16,0,8,8,0,3
167,245.54,3.3333e-14,18,14,2,4,12,0,3
168,160.82,6.7792,14,14,0,4,10,0,0
169,317.51,3.3333e-14,16,14,1,6,9,0,4
170,270.45,5.6015,16,16,0,10,6,0,4
171,121.73,5.7793,16,16,0,6,9,1,2
172,404.54,5.7186,16,16,0,8,8,0,4
173,207.45,6.7792,14,14,0,4,10,0,0
174,237.41,6.779,14,14,0,4,10,0,1
175,280.44,2.5e-14,18,16,1,8,9,0,5
176,218.84,2.5e-14,16,14,1,8,7,0,2
177,253.94,5.9686,16,16,0,4,12,0,1
178,206.66,5.6013,16,16,0,10,6,0,4
179,146.2,6.779,14,14,0,4,10,0,1
180,217.67,3.3333e-14,16,14,1,2,13,0,3
181,363.4,5.841,16,16,0,6,10,0,2
182,241.68,5.7187,16,16,0,8,8,0,3
183,142.12,5e-14,16,14,1,4,11,0,4
184,223.8,6.779,14,14,0,4,10,0,1
185,221.3,6.779,14,14,0,4,10,0,1
186,271.6,5.6013,16,16,0,10,6,0,4
187,187.27,5e-14,16,14,1,6,9,0,2
188,196.84,3.3333e-14,16,14,1,4,11,0,3
189,305.99,5.6595,16,16,0,8,7,1,3
190,299.06,5.4889,16,16,0,12,4,0,4
191,260,5.4889,16,16,0,12,4,0,4
192,212.64,1.6667e-14,18,16,1,4,12,1,2
193,205.3,5.7792,16,16,0,6,9,1,2
194,188.33,5.7186,16,16,0,8,8,0,3
195,190.5,3.3333e-14,16,14,1,6,9,0,3
196,306.41,3.3333e-14,16,14,1,2,12,1,2
197,469.6,5.6013,16,16,0,10,6,0,4
198,230.49,5.7186,16,16,0,8,8,0,3
199,426.97,2.5e-14,15,16,1,4,13,0,4
200,187.02,5.841,16,16,0,6,10,0,2
201,212.98,5.8409,16,16,0,6,10,0,3
202,322.78,3.3333e-14,16,14,1,4,11,0,3
203,248.06,2.5e-14,18,16,1,8,8,1,5
204,301.01,9.0909e-15,16,14,1,5,9,1,2
205,339.5,5.8411,16,16,0,6,10,0,1
206,279.68,2.5e-14,16,14,1,6,9,0,3
207,205.12,5.7792,16,16,0,6,9,1,4
208,187.46,5.1311,18,18,0,6,10,2,3
209,213.99,3.3333e-14,16,14,1,8,7,0,3
210,270.91,5.841,16,16,0,6,10,0,3
211,257.88,9.0909e-15,18,16,1,7,9,1,4
212,195.66,6.7792,14,14,0,4,10,0,1
213,135.66,3.3333e-14,16,14,1,2,12,1,2
214,284.84,6.6149,14,14,0,6,8,0,2
215,267.35,4.9009,18,18,0,12,5,1,4
216,460.6,5.7186,16,16,0,8,8,0,4
217,287,5.8408,16,16,0,6,10,0,4
218,283.03,4.9904,18,18,0,10,7,1,4
219,147.84,2.5e-14,16,14,1,4,11,0,3
220,202.42,5.6014,16,16,0,10,6,0,4
221,258.83,3.3333e-14,16,14,1,4,10,1,3
222,141.09,9.0909e-15,18,16,1,5,10,2,2
223,167.26,5.0365,18,18,0,10,8,0,2
224,115.5,6.779,14,14,0,4,10,0,1
225,145.61,5.7188,16,16,0,8,8,0,2
226,288.53,3.3333e-14,16,14,1,4,11,0,3
227,314.88,5.7792,16,16,0,6,9,1,3
228,280.19,2.5e-14,16,14,1,4,10,1,2
229,200.79,5.8409,16,16,0,6,10,0,3
230,173.66,5e-14,16,14,1,4,11,0,2
231,407.25,3.3333e-14,16,14,1,8,7,0,4
232,141.67,5.7792,16,16,0,6,9,1,2
233,287.61,2.5e-14,18,16,1,6,10,1,2
234,160.07,6.6149,14,14,0,6,8,0,1
235,319.94,5.7793,16,16,0,6,9,1,1
236,322.58,3.3333e-14,18,16,1,8,8,1,4
237,228.99,5.6014,16,16,0,10,6,0,4
238,158.94,5.0364,18,18,0,8,8,2,4
239,172.09,5.841,16,16,0,6,10,0,2
240,163.63,2.5e-14,18,16,1,6,10,1,4
241,211.24,6.9516,14,14,0,2,12,0,1
242,301.76,5.9042,16,16,0,4,11,1,1
243,220.2,5.7186,16,16,0,8,8,0,3
244,138.69,6.7789,14,14,0,4,10,0,2
245,225.01,3.3333e-14,16,14,1,6,9,0,3
246,285.28,6.9515,14,14,0,2,12,0,1
247,135.67,8.3333e-15,18,16,1,9,7,1,5
248,293.25,5.7186,16,16,0,8,8,0,4
249,242.13,2.5e-14,16,14,1,4,11,0,4
250,165.01,9.0909e-15,16,14,1,3,11,1,2
251,205.55,4.9008,18,18,0,12,5,1,6
252,107.65,6.7792,14,14,0,4,10,0,0
253,204.1,5e-14,18,16,1,12,5,0,5
254,238.7,5.841,16,16,0,6,10,0,3
255,153.01,1e-13,16,14,1,6,9,0,3
256,202.37,5.6595,16,16,0,8,7,1,2
257,307.98,5.7186,16,16,0,8,8,0,4
258,139.02,5.7188,16,16,0,8,8,0,1
259,157.82,6.7789,14,14,0,4,10,0,2
260,167.13,4.5749,20,20,0,10,10,0,3
261,208.86,2.5e-14,20,18,1,8,8,3,5
262,216.14,2.5e-14,16,14,1,6,9,0,3
263,211.38,3.3333e-14,16,14,1,4,10,1,2
264,205.75,2.5e-14,16,14,1,6,9,0,1
265,340.66,5e-14,16,14,1,4,11,0,3
266,196.38,3.3333e-14,16,14,1,8,7,0,4
267,201.69,5.0832,18,18,0,8,9,1,4
268,268.8,3.3333e-14,16,14,1,4,11,0,4
269,244.67,5.7187,16,16,0,8,8,0,3
270,167.05,3.3333e-14,16,14,1,6,9,0,1
271,238.64,5.0832,18,18,0,8,9,1,3
272,153.64,5.0833,18,18,0,8,9,1,3
273,152.6,5.7186,16,16,0,8,8,0,3
274,432.98,6.779,14,14,0,4,10,0,2
275,193.58,5.6595,16,16,0,8,7,1,2
276,247.02,5.7187,16,16,0,8,8,0,3
277,158.18,6.6149,14,14,0,6,8,0,0
278,249.81,2.5e-14,18,16,1,8,9,0,4
279,199.67,5.841,16,16,0,6,10,0,3
280,227.38,6.7789,14,14,0,4,10,0,2
281,154.46,5.7187,16,16,0,8,8,0,3
282,213.35,5.8409,16,16,0,6,10,0,2
283,155.96,6.7792,14,14,0,4,10,0,1
284,243.95,5.6015,16,16,0,10,6,0,2
285,219.03,5.1797,18,18,0,6,11,1,4
286,266.43,5e-14,18,16,1,8,9,0,5
287,361.37,5.0364,18,18,0,8,8,2,3
288,187.81,6.6149,14,14,0,6,8,0,1
289,158.56,5.9685,16,16,0,4,12,0,3
290,222.84,6.9515,14,14,0,2,12,0,1
291,210.93,5.7186,16,16,0,8,8,0,3
292,183.31,3.3333e-14,16,14,1,6,9,0,3
293,207.41,7.1331,14,14,0,0,14,0,1
294,209.89,5.6014,16,16,0,10,6,0,3
295,288.17,5.7792,16,16,0,6,9,1,3
296,238.55,5.841,16,16,0,6,10,0,1
297,278.56,3.3333e-14,16,14,1,6,9,0,2
298,339.78,3.3333e-14,16,14,1,6,9,0,4
299,206.68,5.7188,16,16,0,8,8,0,2
300,169.64,6.7789,14,14,0,4,10,0,2
301,304.88,5.8409,16,16,0,6,10,0,2
302,170.61,5.841,16,16,0,6,10,0,3
303,166.38,5.6014,16,16,0,10,6,0,4
304,259.07,5.7187,16,16,0,8,8,0,2
305,221.58,6.7789,14,14,0,4,10,0,2
306,105.87,6.779,14,14,0,4,10,0,1
307,159.31,5.7186,16,16,0,8,8,0,2
308,259.47,5.6015,16,16,0,10,6,0,3
309,174.92,6.9516,14,14,0,2,12,0,1
310,161.32,6.779,14,14,0,4,10,0,1
311,251.96,3.3333e-14,16,14,1,6,9,0,2
312,308.26,3.3333e-14,16,14,1,4,11,0,2
313,248.75,5.7186,16,16,0,8,8,0,3
314,129.8,6.779,14,14,0,4,10,0,1
315,211.5,2.5e-14,20,16,2,10,7,1,7
316,172.11,6.9517,14,14,0,2,12,0,0
317,331.04,3.3333e-14,18,16,1,6,11,0,4
318,229.48,3.3333e-14,16,14,1,4,11,0,3
319,301.31,5.7187,16,16,0,8,8,0,3
320,269.15,3.3333e-14,16,14,1,6,9,0,4
321,302.42,3.3333e-14,16,14,1,6,9,0,3
322,184.69,2.5e-14,18,16,1,6,10,1,3
323,285.56,5e-14,18,16,1,6,11,0,4
324,304.14,5.0832,18,18,0,8,9,1,4
325,226.93,5.9039,16,16,0,4,11,1,4
326,173.29,3.3333e-14,16,14,1,4,11,0,3
327,250.42,6.9515,14,14,0,2,12,0,1
328,277.82,5.7187,16,16,0,8,8,0,3
329,211.02,5.6595,16,16,0,8,7,1,3
330,177.54,5.6595,16,16,0,8,7,1,2
331,262.63,5.841,16,16,0,6,10,0,2
332,235.06,5e-14,16,14,1,8,7,0,4
333,156.44,3.3333e-14,16,14,1,8,7,0,3
334,228,3.3333e-14,16,14,1,4,11,0,2
335,282.79,5e-14,16,14,1,4,11,0,1
336,254.16,3.3333e-14,18,16,1,12,5,0,6
337,116.36,6.7792,14,14,0,4,10,0,0
338,145.86,2.5e-14,14,12,1,0,13,0,1
339,295.69,3.3333e-14,18,16,1,10,7,0,5
340,129.66,6.7792,14,14,0,4,10,0,0
341,206.56,8.3333e-15,16,14,1,5,9,1,2
342,105.37,6.7789,14,14,0,4,10,0,2
343,232.94,5.841,16,16,0,6,10,0,2
344,211.32,5e-14,16,14,1,4,11,0,2
345,230.96,2.5e-14,16,14,1,6,9,0,3
346,196.44,7.6923e-15,18,16,1,7,8,2,4
347,182.51,3.3333e-14,16,14,1,6,9,0,3
348,294.2,6.779,14,14,0,4,10,0,1
349,256.51,5.6013,16,16,0,10,6,0,3
350,225.17,2e-14,16,14,1,2,13,0,1
351,171.83,3.3333e-14,16,14,1,6,9,0,4
352,180.54,6.6149,14,14,0,6,8,0,1
353,259.45,5.7188,16,16,0,8,8,0,3
354,181.95,4.9904,18,18,0,10,7,1,5
355,299.6,6.7789,14,14,0,4,10,0,2
356,235.58,4.9452,18,18,0,10,6,2,5
357,182.57,5.7186,16,16,0,8,8,0,3
358,203.05,6.779,14,14,0,4,10,0,2
359,220.07,5.6594,16,16,0,8,7,1,3
360,374.09,5.7187,16,16,0,8,8,0,2
361,287.44,5.131,18,18,0,6,10,2,3
362,193.73,3.3333e-14,16,14,1,4,11,0,2
363,232.39,5.6014,16,16,0,10,6,0,3
364,328.73,5e-14,16,14,1,6,9,0,3
365,129.12,5.7792,16,16,0,6,9,1,3
366,285.99,5.6014,16,16,0,10,6,0,4
367,131.14,5.7792,16,16,0,6,9,1,2
368,206.24,2.5e-14,18,16,1,8,9,0,5
369,266.21,5.7792,16,16,0,6,9,1,3
370,187.65,5.7792,16,16,0,6,9,1,2
371,150.86,5.779,16,16,0,6,9,1,4
372,358.42,5.6595,16,16,0,8,7,1,2
373,113.1,4.9903,18,18,0,10,7,1,5
374,177.48,6.779,14,14,0,4,10,0,1
375,181.17,5.9041,16,16,0,4,11,1,3
376,257.46,5.7793,16,16,0,6,9,1,2
377,114.42,5.9039,16,16,0,4,11,1,4
378,268.75,2.5e-14,16,14,1,4,11,0,4
379,205.7,3.3333e-14,16,14,1,6,9,0,4
380,264.72,3.3333e-14,16,14,1,6,9,0,2
381,271.61,6.779,14,14,0,4,10,0,1
382,204.3,5.7186,16,16,0,8,8,0,3
383,132.5,3.3333e-14,16,14,1,2,12,1,3
384,212.53,2e-14,16,14,1,4,11,0,2
385,214.96,5.6013,16,16,0,10,6,0,3
386,190.78,6.7789,14,14,0,4,10,0,2
387,223.72,6.9516,14,14,0,2,12,0,1
388,142.56,6.7792,14,14,0,4,10,0,1
389,310.21,5.6013,16,16,0,10,6,0,4
390,241.89,8.3333e-15,18,16,1,7,8,2,3
391,232.31,3.3333e-14,16,14,1,2,13,0,3
392,256.45,5.7186,16,16,0,8,8,0,4
393,201.41,2.5e-14,18,16,1,8,9,0,4
394,312.36,6.7789,14,14,0,4,10,0,2
395,187.77,5.7792,16,16,0,6,9,1,2
396,224.54,6.9516,14,14,0,2,12,0,1
397,283.4,4.7724,18,18,0,16,2,0,5
398,233.11,6.6149,14,14,0,6,8,0,2
399,229.26,3.3333e-14,16,14,1,6,9,0,2
400,243.1,5.7188,16,16,0,8,8,0,3
401,247.37,5.7188,16,16,0,8,8,0,2
402,252.02,6.7789,14,14,0,4,10,0,2
403,234.62,3.3333e-14,16,14,1,4,11,0,3
404,243.77,3.3333e-14,16,14,1,4,11,0,3
405,147.87,5.7186,16,16,0,8,8,0,3
406,243.97,3.3333e-14,18,16,1,8,8,1,5
407,187,5.0364,18,18,0,10,8,0,4
408,221.56,3.3333e-14,18,16,1,10,6,1,5
409,190.6,5e-14,16,14,1,6,9,0,3
410,171.32,5.7186,16,16,0,8,8,0,4
411,362.18,3.3333e-14,16,14,1,4,11,0,3
412,213.41,2.5e-14,16,14,1,4,11,0,3
413,185.3,5.0364,18,18,0,10,8,0,4
414,226.71,5.4889,16,16,0,12,4,0,4
415,170.13,8.3333e-15,16,14,1,3,11,1,3
416,209.62,6.779,14,14,0,4,10,0,2
417,195.52,5.841,16,16,0,6,10,0,2
418,179.74,5.6013,16,16,0,10,6,0,4
419,328.11,5.9041,16,16,0,4,11,1,2
420,134.81,5.9041,16,16,0,4,11,1,2
421,245.5,6.6149,14,14,0,6,8,0,0
422,179.27,5.7186,16,16,0,8,8,0,3
423,217.3,6.779,14,14,0,4,10,0,2
424,214.7,6.779,14,14,0,4,10,0,2
425,134.08,5.7187,16,16,0,8,8,0,4
426,257.69,9.0909e-15,18,16,1,5,11,1,4
427,268.75,6.9516,14,14,0,2,12,0,1
428,332.7,2.5e-14,16,12,2,2,12,0,3
429,217.7,6.6149,14,14,0,6,8,0,1
430,232.69,6.6149,14,14,0,6,8,0,1
431,181.45,3.3333e-14,16,14,1,4,11,0,3
432,196.49,4.6929,20,20,0,6,13,1,3
433,176.34,6.779,14,14,0,4,10,0,1
434,208.63,5.9685,16,16,0,4,12,0,3
435,231.84,3.3333e-14,16,14,1,6,9,0,4
436,155.36,6.7792,14,14,0,4,10,0,0
437,205.58,7.6923e-15,18,16,1,5,11,1,3
438,157.72,2.5e-14,16,14,1,2,12,1,1
439,279.59,5.1796,18,18,0,6,11,1,3
440,213.98,4.9905,18,18,0,10,7,1,3
441,214.06,3.3333e-14,16,14,1,4,11,0,3
442,269.61,5.841,16,16,0,6,10,0,1
443,187.09,3.3333e-14,16,14,1,4,11,0,2
444,179.95,6.9516,14,14,0,2,12,0,1
445,232.65,2.5e-14,16,14,1,6,9,0,2
446,242.36,5.7791,16,16,0,6,9,1,3
447,191.27,5.841,16,16,0,6,10,0,2
448,209.87,5e-14,16,14,1,6,9,0,3
449,190.64,5e-14,16,14,1,6,9,0,3
450,204.69,5.7792,16,16,0,6,9,1,3
451,345.93,5.7792,16,16,0,6,9,1,3
452,223.67,5.6595,16,16,0,8,7,1,4
453,182.67,5.7187,16,16,0,8,8,0,2
454,323.09,2e-14,16,14,1,2,13,0,2
455,247.62,6.7792,14,14,0,4,10,0,1
456,171.5,6.6149,14,14,0,6,8,0,1
457,356.46,6.779,14,14,0,4,10,0,1
458,229.5,8.3333e-15,18,16,1,7,9,1,5
459,158.43,6.9516,14,14,0,2,12,0,1
460,229.29,5.9041,16,16,0,4,11,1,3
461,284.97,5.7792,16,16,0,6,9,1,2
462,178.47,3.3333e-14,18,16,1,6,10,1,2
463,130.67,6.9517,14,14,0,2,12,0,0
464,211.3,6.6149,14,14,0,6,8,0,2
465,181.33,6.779,14,14,0,4,10,0,1
466,293.22,6.7792,14,14,0,4,10,0,1
467,350.77,5.7793,16,16,0,6,9,1,1
468,203.12,5.7186,16,16,0,8,8,0,4
469,191.7,5.6594,16,16,0,8,7,1,4
470,136.13,5e-14,20,18,1,10,8,1,5
471,389.63,6.7792,14,14,0,4,10,0,0
472,177.77,6.779,14,14,0,4,10,0,1
473,131.81,5.7792,16,16,0,6,9,1,2
474,179.15,2.5e-14,16,14,1,6,9,0,2
475,180.47,2.5e-14,16,14,1,6,9,0,3
476,166.06,5.6015,16,16,0,10,6,0,2
477,232,6.779,14,14,0,4,10,0,1
478,296.05,6.779,14,14,0,4,10,0,2
479,202.92,5.8409,16,16,0,6,10,0,4
480,261.24,2.5e-14,16,12,2,2,12,0,4
481,192.13,2.5e-14,18,16,1,4,12,1,4
482,222.76,5e-14,18,16,1,12,5,0,4
483,207.7,3.3333e-14,14,12,1,0,13,0,1
484,272.49,5.6595,16,16,0,8,7,1,3
485,107.39,3.3333e-14,16,14,1,4,11,0,4
486,132.99,5.7187,16,16,0,8,8,0,3
487,211.15,5.0365,18,18,0,8,8,2,5
488,123.23,6.779,14,14,0,4,10,0,1
489,220.1,5.6595,16,16,0,8,7,1,3
490,194.83,5.8409,16,16,0,6,10,0,3
491,268.57,5.9039,16,16,0,4,11,1,4
492,209.94,6.9516,14,14,0,2,12,0,1
493,194.53,5.7791,16,16,0,6,9,1,4
494,258.27,2.5e-14,16,14,1,8,7,0,3
495,301.84,2.5e-14,16,14,1,4,11,0,2
496,224.63,3.3333e-14,18,16,1,8,8,1,5
497,175.84,8.3333e-15,18,16,1,9,7,1,4
498,267.95,6.779,14,14,0,4,10,0,1
499,253.06,6.6149,14,14,0,6,8,0,1
500,232.93,6.779,14,14,0,4,10,0,1
501,162.07,5.7792,16,16,0,6,9,1,2
502,120.93,6.779,14,14,0,4,10,0,1
503,331.54,2.5e-14,16,14,1,8,7,0,3
504,261.26,5.7792,16,16,0,6,9,1,3
505,196.67,6.779,14,14,0,4,10,0,1
506,147.29,5.6595,16,16,0,8,7,1,2
507,209.35,5.6014,16,16,0,10,6,0,4
508,300.91,6.779,14,14,0,4,10,0,1
509,150.44,5.1309,18,18,0,8,10,0,3
510,290.7,5.6014,16,16,0,10,6,0,3
511,238.04,5e-14,16,14,1,6,9,0,3
512,316.66,5.7186,16,16,0,8,8,0,3
513,145.86,5.7187,16,16,0,8,8,0,3
514,236.13,5.9684,16,16,0,4,12,0,4
515,175.06,5.0364,18,18,0,8,8,2,4
516,180.39,4.9904,18,18,0,10,7,1,3
517,211.58,5.4889,16,16,0,12,4,0,4
518,212,5.5446,16,16,0,10,5,1,2
519,164.06,2.5e-14,18,16,1,6,10,1,3
520,227.91,5.7186,16,16,0,8,8,0,3
521,191.32,4.9904,18,18,0,10,7,1,4
522,267.72,5.0364,18,18,0,8,8,2,4
523,207.8,5.7792,16,16,0,6,9,1,3
524,155.96,6.7789,14,14,0,4,10,0,2
525,262.66,3.3333e-14,16,14,1,6,9,0,3
526,136.89,2.5e-14,18,16,1,8,8,1,4
527,234.02,6.779,14,14,0,4,10,0,1
528,307.5,5e-14,18,16,1,8,9,0,4
529,180.28,5.9041,16,16,0,4,11,1,2
530,270.89,5.7793,16,16,0,6,9,1,2
531,209.12,6.9516,14,14,0,2,12,0,1
532,224.58,5.7793,16,16,0,6,9,1,3
533,154.35,5.7186,16,16,0,8,8,0,3
534,283.89,3.3333e-14,20,18,1,10,8,1,5
535,182.48,5.7186,16,16,0,8,8,0,4
536,212.35,5.7186,16,16,0,8,8,0,3
537,187.4,5.1795,18,18,0,6,11,1,4
538,140.93,3.3333e-14,18,16,1,8,9,0,5
539,190.29,3.3333e-14,16,14,1,6,9,0,4
540,283.84,5.8408,16,16,0,6,10,0,4
541,334.44,5.9042,16,16,0,4,11,1,1
542,210.14,5.6015,16,16,0,10,6,0,3
543,247.8,4.9903,18,18,0,10,7,1,4
544,189.26,2.5e-14,18,16,1,6,9,2,4
545,205.2,5.7187,16,16,0,8,8,0,3
546,291.17,5.7187,16,16,0,8,8,0,3
547,363.41,6.9516,14,14,0,2,12,0,1
548,264.12,6.7789,14,14,0,4,10,0,2
549,168.94,2.5e-14,16,14,1,6,9,0,2
550,225.76,5.6014,16,16,0,10,6,0,3
551,183.19,6.779,14,14,0,4,10,0,1
552,186.3,5.7186,16,16,0,8,8,0,4
553,253.41,5.6014,16,16,0,10,6,0,3
554,207.5,3.3333e-14,16,14,1,6,9,0,4
555,197.33,5.3807,16,16,0,14,2,0,4
556,240.23,3.3333e-14,16,14,1,6,9,0,4
557,209.36,5.0832,18,18,0,8,9,1,3
558,235.19,4.4995,20,20,0,10,8,2,4
559,355.73,6.779,14,14,0,4,10,0,1
560,224.26,6.779,14,14,0,4,10,0,2
561,278.34,6.7789,14,14,0,4,10,0,2
562,267.45,5.7186,16,16,0,8,8,0,3
563,291.11,5e-14,18,16,1,6,10,1,5
564,294.26,5.7793,16,16,0,6,9,1,3
565,225.23,4.9009,18,18,0,12,5,1,5
566,298.45,5.7186,16,16,0,8,8,0,4
567,229.98,6.779,14,14,0,4,10,0,2
568,200.26,3.3333e-14,18,16,1,12,4,1,6
569,181.94,3.3333e-14,16,14,1,6,9,0,3
570,180.24,5.6593,16,16,0,8,7,1,4
571,256.88,5.841,16,16,0,6,10,0,2
572,157.26,2.5e-14,18,16,1,6,10,1,3
573,139.68,6.779,14,14,0,4,10,0,1
574,193.64,5.9042,16,16,0,4,11,1,1
575,218.88,5e-14,16,14,1,6,9,0,2
576,170.41,3.3333e-14,14,12,1,0,13,0,1
577,359.15,5.6014,16,16,0,10,6,0,4
578,198.37,6.779,14,14,0,4,10,0,1
579,273.65,3.3333e-14,18,16,1,10,7,0,4
580,203.44,6.6149,14,14,0,6,8,0,1
581,167.81,7.6923e-15,22,20,1,10,10,0,5
582,280.99,3.3333e-14,16,14,1,6,9,0,3
583,315.28,5.7187,16,16,0,8,8,0,4
584,301.02,5.7791,16,16,0,6,9,1,4
585,250.68,3.3333e-14,18,16,1,6,10,1,4
586,313.96,3.3333e-14,20,18,1,10,8,1,6
587,242.4,5e-14,18,16,1,8,8,1,5
588,125.56,5.9043,16,16,0,4,11,1,1
589,299.98,2.5e-14,16,14,1,4,11,0,4
590,300.7,5.904,16,16,0,4,11,1,3
591,274.25,6.779,14,14,0,4,10,0,1
592,259.24,3.3333e-14,16,14,1,4,11,0,3
593,252.67,3.3333e-14,16,14,1,4,10,1,3
594,134.36,5.7791,16,16,0,6,9,1,3
595,187.63,5.841,16,16,0,6,10,0,3
596,164.35,5.2293,18,18,0,6,12,0,1
597,191.12,3.3333e-14,20,18,1,6,11,2,3
598,131.28,5.0364,18,18,0,10,8,0,4
599,164.11,5e-14,16,14,1,8,7,0,2
600,228.4,5.7187,16,16,0,8,8,0,3
601,211.39,3.3333e-14,16,14,1,6,9,0,4
602,155.51,5.7792,16,16,0,6,9,1,3
603,211.06,4.4267,20,20,0,12,6,2,4
604,245.27,5e-14,18,16,1,6,10,1,5
605,210.77,2.5e-14,16,14,1,8,7,0,4
606,314.87,3.3333e-14,20,18,1,6,12,1,4
607,227.53,6.7792,14,14,0,4,10,0,1
608,139.04,5.7792,16,16,0,6,9,1,2
609,194.92,5.841,16,16,0,6,10,0,2
610,236.56,5.7187,16,16,0,8,8,0,4
611,225.42,4.9008,18,18,0,12,5,1,5
612,216.31,2.5e-14,16,14,1,4,11,0,4
613,209.57,6.6149,14,14,0,6,8,0,0
614,215.49,5.6594,16,16,0,8,7,1,3
615,246.36,3.3333e-14,16,14,1,8,7,0,3
616,83.137,5.6594,16,16,0,8,7,1,3
617,208.93,5.0832,18,18,0,8,9,1,4
618,272.22,5.841,16,16,0,6,10,0,1
619,315.99,4.575,20,20,0,8,10,2,2
620,232.91,2e-14,20,18,1,6,12,1,4
621,246.49,4.9452,18,18,0,10,6,2,5
622,228.8,5.7793,16,16,0,6,9,1,3
623,298,5.8409,16,16,0,6,10,0,3
624,150.53,5.6013,16,16,0,10,6,0,4
625,161.52,3.3333e-14,16,14,1,2,13,0,3
626,129.61,5.7188,16,16,0,8,8,0,2
627,279.98,6.6149,14,14,0,6,8,0,1
628,294.04,8.3333e-15,20,18,1,7,11,1,4
629,206.12,6.6149,14,14,0,6,8,0,1
630,287.92,5e-14,18,16,1,10,7,0,5
631,146.04,3.3333e-14,16,14,1,6,9,0,4
632,153.22,5.7188,16,16,0,8,8,0,2
633,312.42,3.3333e-14,16,14,1,6,9,0,2
634,199.96,5.7188,16,16,0,8,8,0,3
635,212.2,5.7188,16,16,0,8,8,0,2
636,164.47,2e-14,20,18,1,2,15,2,4
637,144.87,3.3333e-14,16,14,1,6,9,0,3
638,246.13,3.3333e-14,16,14,1,6,9,0,4
639,249.68,5.7188,16,16,0,8,8,0,2
640,251.17,5.7792,16,16,0,6,9,1,2
641,254.49,3.3333e-14,16,14,1,8,7,0,4
642,190.83,6.9516,14,14,0,2,12,0,1
643,320.4,6.6149,14,14,0,6,8,0,1
644,224,2.5e-14,18,16,1,8,9,0,2
645,241.57,5.7186,16,16,0,8,8,0,4
646,214.9,3.3333e-14,16,14,1,6,9,0,3
647,166.69,5.4889,16,16,0,12,4,0,3
648,268.48,5e-14,16,14,1,4,11,0,3
649,316.59,3.3333e-14,16,14,1,4,11,0,2
650,209.22,5.6594,16,16,0,8,7,1,4
651,209.89,5.0833,18,18,0,8,9,1,3
652,190.02,3.3333e-14,16,14,1,8,7,0,3
653,219.85,5.8411,16,16,0,6,10,0,0
654,223.91,5.1309,18,18,0,6,10,2,3
655,332.9,6.9516,14,14,0,2,12,0,1
656,290.18,5.7792,16,16,0,6,9,1,1
657,177.56,5.7186,16,16,0,8,8,0,2
658,348.52,5.8408,16,16,0,6,10,0,4
659,167.95,4.9008,18,18,0,12,5,1,5
660,262.75,3.3333e-14,16,14,1,6,9,0,3
661,161.35,6.9516,14,14,0,2,12,0,1
662,151.34,2.5e-14,14,12,1,0,13,0,1
663,235.9,5.841,16,16,0,4,10,2,3
664,337.38,3.3333e-14,16,14,1,6,9,0,3
665,311.18,6.7792,14,14,0,4,10,0,1
666,181.11,5e-14,16,14,1,8,7,0,3
667,228.12,5.7188,16,16,0,8,8,0,2
668,184.39,5e-14,16,14,1,6,9,0,3
669,181.15,5.6595,16,16,0,8,7,1,2
670,270.4,7.6923e-15,18,16,1,7,8,2,3
671,178.91,3.3333e-14,16,14,1,4,11,0,3
672,192.7,4.9007,18,18,0,12,5,1,6
673,176.02,3.3333e-14,16,14,1,6,9,0,3
674,286.73,5.841,16,16,0,6,10,0,2
675,158.52,5.7792,16,16,0,6,9,1,3
676,172.56,5.8411,16,16,0,6,10,0,2
677,178.22,5.7793,16,16,0,6,9,1,3
678,281.51,3.3333e-14,16,14,1,4,11,0,3
679,250,3.3333e-14,14,12,1,0,13,0,1
680,226.09,3.3333e-14,16,14,1,4,11,0,3
681,222.66,6.7792,14,14,0,4,10,0,0
682,187.87,3.3333e-14,18,16,1,8,8,1,4
683,229.98,5e-14,18,16,1,8,8,1,5
684,205.73,5.1311,18,18,0,8,10,0,3
685,243.07,3.3333e-14,16,14,1,2,13,0,3
686,251.19,5.7793,16,16,0,6,9,1,0
687,190.1,3.3333e-14,16,14,1,6,9,0,2
688,164.07,6.9515,14,14,0,2,12,0,1
689,167.21,6.7789,14,14,0,4,10,0,2
690,265.48,5.7186,16,16,0,8,8,0,4
691,369.23,6.7792,14,14,0,4,10,0,1
692,184.3,5.6015,16,16,0,10,6,0,2
693,193.89,5.9041,16,16,0,4,11,1,3
694,232.42,5.6014,16,16,0,10,6,0,4
695,165.08,3.3333e-14,16,14,1,6,9,0,2
696,200.65,3.3333e-14,18,16,1,10,6,1,5
697,325.91,3.3333e-14,16,14,1,6,9,0,2
698,155.8,4.6135,20,20,0,8,11,1,4
699,431.75,2.5e-14,16,14,1,6,9,0,3
700,170.21,5.7186,16,16,0,8,8,0,3
701,178.99,5.9042,16,16,0,4,11,1,1
702,242.98,6.779,14,14,0,4,10,0,2
703,239.79,5.841,16,16,0,6,10,0,3
704,136.92,5.131,18,18,0,8,10,0,4
705,179.28,3.3333e-14,16,14,1,6,9,0,4
706,212.75,5.7188,16,16,0,8,8,0,3
707,242.9,2.5e-14,16,14,1,8,7,0,3
708,172.66,5.6015,16,16,0,10,6,0,3
709,223.59,5.4888,16,16,0,12,4,0,4
710,357.11,5.7186,16,16,0,8,8,0,3
711,181.75,2.5e-14,16,14,1,6,9,0,3
712,252.87,5.6015,16,16,0,10,6,0,4
713,153.98,5e-14,16,14,1,4,11,0,2
714,141.88,2e-14,16,14,1,2,13,0,2
715,266.4,6.7789,14,14,0,4,10,0,2
716,215.78,5.9685,16,16,0,4,12,0,3
717,209.76,2.5e-14,16,14,1,4,11,0,4
718,213.81,6.779,14,14,0,4,10,0,1
719,204.92,5.7186,16,16,0,8,8,0,4
720,207.2,6.779,14,14,0,4,10,0,1
721,319.57,5.9039,16,16,0,4,11,1,4
722,305.84,5.841,16,16,0,6,10,0,2
723,279.72,2.5e-14,14,12,1,0,13,0,1
724,202.01,6.7792,14,14,0,4,10,0,0
725,249.64,5.0833,18,18,0,8,9,1,3
726,235.25,8.3333e-15,16,14,1,3,11,1,3
727,131.19,3.3333e-14,16,14,1,6,9,0,3
728,229.52,4.9904,18,18,0,10,7,1,5
729,188.64,6.7789,14,14,0,4,10,0,2
730,222.35,8.3333e-15,18,16,1,9,7,1,5
731,199.99,3.3333e-14,16,14,1,6,9,0,3
732,156.71,6.779,14,14,0,4,10,0,1
733,435.72,2.5e-14,16,14,1,2,12,1,2
734,270.6,5.4889,16,16,0,12,4,0,4
735,254.66,5.6015,16,16,0,10,6,0,3
736,206.89,5e-14,16,14,1,8,7,0,3
737,148.81,5.6594,16,16,0,8,7,1,3
738,225.95,3.3333e-14,18,16,1,10,6,1,4
739,166.4,5.6014,16,16,0,10,6,0,4
740,176.76,5.6015,16,16,0,10,6,0,3
741,189.47,4.9452,18,18,0,10,6,2,4
742,321.14,5.6015,16,16,0,10,6,0,3
743,239.78,3.3333e-14,16,14,1,2,13,0,2
744,150.64,6.9516,14,14,0,2,12,0,1
745,315.13,5.7186,16,16,0,8,8,0,4
746,186.35,6.779,14,14,0,4,10,0,1
747,422.88,6.7792,14,14,0,4,10,0,0
748,176.28,6.6149,14,14,0,6,8,0,1
749,181.45,5.0832,18,18,0,8,9,1,3
750,305.57,4.9452,18,18,0,10,6,2,4
751,177.09,5.6014,16,16,0,10,6,0,4
752,279.52,5e-14,16,14,1,4,11,0,3
753,168.34,3.3333e-14,16,14,1,6,9,0,3
754,252.75,3.3333e-14,16,14,1,6,9,0,2
755,204.61,5.841,16,16,0,6,10,0,3
756,196.3,5.7187,16,16,0,8,8,0,2
757,188.77,5.6015,16,16,0,10,6,0,3
758,205.51,5.841,16,16,0,6,10,0,2
759,128.89,2.5e-14,14,12,1,0,13,0,0
760,188.93,5.6014,16,16,0,10,6,0,3
761,269.01,6.779,14,14,0,4,10,0,1
762,289.43,2.5e-14,16,14,1,6,9,0,2
763,237.03,5.0363,18,18,0,8,8,2,4
764,223.09,2.5e-14,16,14,1,6,9,0,3
765,188.31,6.779,14,14,0,4,10,0,1
766,286.83,6.9516,14,14,0,2,12,0,1
767,127.49,3.3333e-14,16,14,1,6,9,0,4
768,281.26,3.3333e-14,18,16,1,6,10,1,5
769,320,5.6015,16,16,0,10,6,0,2
770,247.9,6.779,14,14,0,4,10,0,1
771,218.41,5.7792,16,16,0,6,9,1,3
772,226.54,3.3333e-14,18,16,1,8,8,1,3
773,170.08,3.3333e-14,16,14,1,2,13,0,3
774,248.46,6.9516,14,14,0,2,12,0,1
775,269.72,6.9516,14,14,0,2,12,0,1
776,365.75,5.7186,16,16,0,8,8,0,4
777,261.21,5.0365,18,18,0,10,8,0,4
778,306.95,5.6013,16,16,0,10,6,0,3
779,250.08,5.7186,16,16,0,8,8,0,3
780,317.43,6.7792,14,14,0,4,10,0,0
781,276.75,3.3333e-14,16,14,1,6,9,0,3
782,208.81,2.5e-14,18,16,1,6,11,0,4
783,292.69,5e-14,16,14,1,4,11,0,3
784,167.56,4.9904,18,18,0,10,7,1,3
785,165.54,3.3333e-14,16,14,1,4,11,0,2
786,209.84,5.7186,16,16,0,8,8,0,3
787,169.85,5.6015,16,16,0,10,6,0,3
788,378.67,6.6149,14,14,0,6,8,0,0
789,190.73,5.8409,16,16,0,6,10,0,2
790,216.6,5.6015,16,16,0,10,6,0,2
791,224.48,5.7791,16,16,0,6,9,1,4
792,188.82,6.779,14,14,0,4,10,0,1
793,248.61,5.8409,16,16,0,6,10,0,2
794,228.14,5.7187,16,16,0,8,8,0,3
795,147.52,5.7187,16,16,0,8,8,0,3
796,234.73,3.3333e-14,18,16,1,10,7,0,4
797,244.59,5.0832,18,18,0,8,9,1,3
798,197.44,5.6594,16,16,0,8,7,1,3
799,208.99,2.5e-14,16,14,1,2,13,0,4
800,297.72,5.9041,16,16,0,4,11,1,2
801,307.86,2.5e-14,18,16,1,8,8,1,3
802,269.29,5.779,16,16,0,6,9,1,4
803,260.7,6.779,14,14,0,4,10,0,1
804,323.07,2e-14,16,14,1,2,13,0,2
805,269.64,3.3333e-14,16,14,1,4,11,0,2
806,262.32,6.779,14,14,0,4,10,0,1
807,193.85,6.779,14,14,0,4,10,0,1
808,262.98,2.5e-14,16,14,1,6,9,0,4
809,121.34,2.5e-14,16,14,1,8,7,0,3
810,247.86,2.5e-14,14,12,1,0,13,0,2
811,243.45,6.779,14,14,0,4,10,0,1
812,229.66,4.9904,18,18,0,10,7,1,3
813,249.96,2e-14,16,14,1,4,11,0,1
814,167.54,5.6015,16,16,0,10,6,0,3
815,192.72,5e-14,16,14,1,2,12,1,3
816,147.13,3.3333e-14,16,14,1,4,11,0,2
817,189.07,2.5e-14,16,14,1,6,9,0,4
818,273.11,3.3333e-14,16,14,1,4,11,0,2
819,236.43,2.5e-14,18,16,1,8,9,0,4
820,133.14,5.841,16,16,0,6,10,0,2
821,170.3,5.7186,16,16,0,8,8,0,4
822,237.97,6.7789,14,14,0,4,10,0,2
823,124.29,2.5e-14,16,14,1,6,9,0,3
824,220.53,2.5e-14,18,16,1,8,8,1,5
825,135.54,2.5e-14,16,14,1,6,9,0,3
826,219.68,5.6014,16,16,0,10,6,0,4
827,208.18,5.7187,16,16,0,8,8,0,3
828,270.64,5.6013,16,16,0,10,6,0,4
829,186.31,5.7187,16,16,0,8,8,0,3
830,473.99,5.9042,16,16,0,4,11,1,2
831,426.03,3.3333e-14,16,14,1,6,9,0,3
832,245.11,6.6149,14,14,0,6,8,0,1
833,340.7,5.4889,16,16,0,12,4,0,3
834,258.13,5.9685,16,16,0,4,12,0,3
835,208.36,1e-13,16,14,1,6,9,0,3
836,164.02,3.3333e-14,16,14,1,6,9,0,2
837,336.27,5.8409,16,16,0,6,10,0,3
838,196.27,5.9041,16,16,0,4,11,1,3
839,232.89,5.7791,16,16,0,6,9,1,3
840,220.83,2e-14,18,16,1,8,9,0,4
841,191.28,3.3333e-14,16,14,1,6,9,0,4
842,176.14,4.9903,18,18,0,10,7,1,5
843,285.11,5.7186,16,16,0,8,8,0,3
844,196.35,2.5e-14,16,14,1,4,11,0,4
845,193.59,2.5e-14,18,16,1,8,8,1,5
846,285.11,5.9042,16,16,0,4,11,1,2
847,193.48,5e-14,18,16,1,10,7,0,5
848,238.41,5e-14,16,14,1,8,7,0,3
849,261.35,3.3333e-14,18,16,1,8,9,0,5
850,238.71,4.8573,18,18,0,12,4,2,5
851,292.38,6.7789,14,14,0,4,10,0,2
852,222.22,6.779,14,14,0,4,10,0,1
853,145.89,6.9516,14,14,0,2,12,0,1
854,363.56,3.3333e-14,16,14,1,4,10,1,3
855,181.87,5.7187,16,16,0,8,8,0,3
856,157.86,5.841,16,16,0,6,10,0,3
857,160.02,6.6149,14,14,0,6,8,0,1
858,173.48,8.3333e-15,18,16,1,7,8,2,4
859,157.74,5e-14,16,14,1,6,9,0,3
860,131.49,8.3333e-15,18,16,1,7,8,2,3
861,235.89,2.5e-14,18,16,1,6,10,1,3
862,264.54,6.9516,14,14,0,2,12,0,1
863,114.31,4.9009,18,18,0,12,5,1,5
864,157.62,3.3333e-14,16,14,1,8,7,0,4
865,271.67,5.6595,16,16,0,8,7,1,2
866,414.09,3.3333e-14,16,14,1,6,9,0,3
867,230.77,5.7186,16,16,0,8,8,0,3
868,177.67,2.5e-14,18,16,1,6,10,1,5
869,187.42,6.6149,14,14,0,6,8,0,1
870,139.06,3.3333e-14,16,14,1,4,11,0,2
871,233.91,6.6149,14,14,0,6,8,0,1
872,217.68,3.3333e-14,16,14,1,6,9,0,3
873,302.81,5.6015,16,16,0,10,6,0,3
874,186.75,5e-14,18,16,1,8,8,1,5
875,278.21,5.9685,16,16,0,4,12,0,3
876,315.48,2.5e-14,16,14,1,6,9,0,3
877,342.51,5.7792,16,16,0,6,9,1,3
878,151.09,3.3333e-14,16,14,1,8,7,0,4
879,319.61,5.6595,16,16,0,8,7,1,2
880,174.84,5.6595,16,16,0,8,7,1,3
881,200.48,6.779,14,14,0,4,10,0,1
882,203.22,3.3333e-14,18,16,1,6,10,1,5
883,195.82,5.7188,16,16,0,8,8,0,3
884,172.58,6.7792,14,14,0,4,10,0,1
885,230.14,5.8411,16,16,0,6,10,0,1
886,271.17,6.9516,14,14,0,2,12,0,1
887,199.25,4.4627,20,20,0,10,7,3,6
888,204.89,5.841,16,16,0,6,10,0,3
889,182.79,2.5e-14,16,14,1,6,9,0,2
890,262.66,3.3333e-14,16,14,1,6,9,0,3
891,226.09,5.9043,16,16,0,4,11,1,1
892,173.8,6.9516,14,14,0,2,12,0,1
893,273.15,5.8411,16,16,0,6,10,0,2
894,311.46,5.7186,16,16,0,8,8,0,3
895,356.2,3.3333e-14,18,16,1,8,8,1,4
896,163.13,6.7792,14,14,0,4,10,0,1
897,211.11,5.6595,16,16,0,8,7,1,3
898,228.35,5.0364,18,18,0,10,8,0,3
899,202.8,5.1311,18,18,0,8,10,0,3
900,347.38,2.5e-14,16,14,1,4,11,0,2
901,276.38,5.7186,16,16,0,8,8,0,4
902,216.51,5e-14,16,14,1,6,9,0,2
903,169.87,3.3333e-14,16,14,1,4,11,0,2
904,199.38,2e-14,20,18,1,6,12,1,4
905,166.58,5.7188,16,16,0,8,8,0,2
906,220.38,6.779,14,14,0,4,10,0,1
907,227.42,5.8411,16,16,0,6,10,0,2
908,170.17,5.7186,16,16,0,8,8,0,3
909,248.49,5.7188,16,16,0,8,8,0,2
910,205.76,4.9453,18,18,0,10,6,2,3
911,184.46,2.5e-14,18,16,1,6,10,1,5
912,286.26,5.6595,16,16,0,8,7,1,2
913,213.73,6.9516,14,14,0,2,12,0,1
914,267.8,3.3333e-14,18,16,1,8,9,0,5
915,247.22,3.3333e-14,14,12,1,0,13,0,1
916,254.63,6.9515,14,14,0,2,12,0,1
917,206.67,5e-14,16,14,1,8,7,0,3
918,210.11,2.5e-14,18,16,1,6,10,1,5
919,145.23,6.6149,14,14,0,6,8,0,1
920,144.21,5.7186,16,16,0,8,8,0,3
921,284.96,6.779,14,14,0,4,10,0,1
922,303.68,2.5e-14,16,14,1,6,9,0,3
923,264.36,5.904,16,16,0,4,11,1,2
924,176.21,5.7186,16,16,0,8,8,0,4
925,188.9,4.9903,18,18,0,10,7,1,4
926,201,5.6014,16,16,0,10,6,0,3
927,331.45,5.904,16,16,0,4,11,1,2
928,178.08,2.5e-14,14,12,1,0,13,0,1
929,189.18,5.7187,16,16,0,8,8,0,2
930,153.54,5.841,16,16,0,6,10,0,2
931,198.65,5.6593,16,16,0,8,7,1,4
932,224.1,2.5e-14,16,14,1,6,9,0,3
933,177.63,5.7186,16,16,0,8,8,0,4
934,202.55,2.5e-14,16,14,1,4,11,0,3
935,231.58,5.7186,16,16,0,8,8,0,3
936,219.94,5.6015,16,16,0,10,6,0,2
937,216.19,6.7789,14,14,0,4,10,0,2
938,126.08,5.904,16,16,0,4,11,1,3
939,286.97,3.3333e-14,16,14,1,8,7,0,4
940,80.004,5.9043,16,16,0,4,11,1,1
941,152.68,5e-14,16,14,1,6,9,0,3
942,162.69,5.841,16,16,0,6,10,0,1
943,154.13,5.6595,16,16,0,8,7,1,4
944,310.25,6.9515,14,14,0,2,12,0,1
945,254.44,2.5e-14,16,14,1,2,12,1,3
946,202.11,2.5e-14,16,14,1,8,7,0,4
947,261.43,5e-14,18,16,1,8,9,0,5
948,177.38,4.9008,18,18,0,12,5,1,5
949,212.43,5.6595,16,16,0,8,7,1,3
950,227.21,5.7792,16,16,0,6,9,1,3
951,277.01,6.779,14,14,0,4,10,0,2
952,241.18,5.0362,18,18,0,10,8,0,5
953,193.29,5.6014,16,16,0,10,6,0,4
954,206.32,3.3333e-14,16,14,1,6,9,0,3
955,249.74,3.3333e-14,18,16,1,10,7,0,5
956,275.24,5.7791,16,16,0,6,9,1,4
957,204.57,3.3333e-14,16,14,1,6,9,0,3
958,400.76,5.7186,16,16,0,8,8,0,4
959,198.83,5.7791,16,16,0,6,9,1,3
960,209.98,6.7792,14,14,0,4,10,0,1
961,164.09,3.3333e-14,18,14,2,6,10,0,5
962,254.03,6.7792,14,14,0,4,10,0,1
963,285.61,5.4887,16,16,0,12,4,0,4
964,183.22,3.3333e-14,18,16,1,12,4,1,7
965,284.47,5.9042,16,16,0,4,11,1,2
966,171.78,5e-14,16,14,1,6,9,0,4
967,160.21,6.9517,14,14,0,2,12,0,0
968,187.77,6.779,14,14,0,4,10,0,1
969,204.1,3.3333e-14,16,14,1,6,9,0,3
970,255.8,5e-14,16,14,1,4,11,0,2
971,100.63,5e-14,16,14,1,6,9,0,3
972,256.67,4.9009,18,18,0,12,5,1,5
973,239.84,5.7188,16,16,0,8,8,0,2
974,357.82,3.3333e-14,16,14,1,6,9,0,3
975,229.28,2.5e-14,18,16,1,10,7,0,3
976,223.53,6.9516,14,14,0,2,12,0,1
977,304.03,5.6015,16,16,0,10,6,0,1
978,335.73,5.6014,16,16,0,10,6,0,3
979,323.14,2.5e-14,16,14,1,4,11,0,2
980,199.19,3.3333e-14,16,14,1,4,11,0,4
981,223.87,5.7187,16,16,0,8,8,0,3
982,178.28,8.3333e-15,18,16,1,5,11,1,4
983,213.76,5.7186,16,16,0,8,8,0,3
984,349.28,5.6014,16,16,0,10,6,0,4
985,172.44,3.3333e-14,16,14,1,6,9,0,3
986,146.05,2.5e-14,14,12,1,0,13,0,1
987,189.87,6.9515,14,14,0,2,12,0,1
988,214.39,5.1311,18,18,0,6,10,2,2
989,212.29,2e-14,18,16,1,4,12,1,2
990,182.08,5.7186,16,16,0,8,8,0,3
991,185.26,5.7187,16,16,0,8,8,0,3
992,213.58,3.3333e-14,16,14,1,4,11,0,3
993,152.82,6.779,14,14,0,4,10,0,2
994,121.08,2.5e-14,16,14,1,4,10,1,2
995,153.88,5.904,16,16,0,4,11,1,3
996,174.19,4.9452,18,18,0,12,6,0,4
997,198.94,5.7188,16,16,0,8,8,0,2
998,138.22,5.6014,16,16,0,10,6,0,3
999,262.46,3.3333e-14,16,14,1,2,12,1,2
1000,177.38,8.3333e-15,18,16,1,9,7,1,3
